,RSS,adjKey,adjVal,k1,k2,k3,k4
0,0.0325637,k1,0.001,9.99998e-05,0.0172966,0.0902088,0.0424324
1,0.0325637,k1,0.001,9.99998e-05,0.0172966,0.0902088,0.0424324
2,0.0325637,k1,0.001,9.99998e-05,0.0172966,0.0902088,0.0424324
3,0.0325637,k1,0.001,9.99998e-05,0.0172966,0.0902088,0.0424324
4,0.0325637,k1,0.001,9.99998e-05,0.0172966,0.0902088,0.0424324
5,0.0325637,k1,0.001,9.99998e-05,0.0172966,0.0902088,0.0424324
6,0.0325637,k1,0.001,9.99998e-05,0.0172966,0.0902088,0.0424324
7,0.0325637,k1,0.001,9.99998e-05,0.0172966,0.0902088,0.0424324
8,0.0325637,k1,0.001,9.99998e-05,0.0172966,0.0902088,0.0424324
9,0.0325637,k1,0.001,9.99998e-05,0.0172966,0.0902088,0.0424324
10,0.0294618,k1,0.0021544346900318843,0.00021544303811625042,0.125962,0.0434029,0.0839971
11,0.0294618,k1,0.0021544346900318843,0.00021544303811625042,0.125962,0.0434029,0.0839971
12,0.0294618,k1,0.0021544346900318843,0.00021544303811625042,0.125962,0.0434029,0.0839971
13,0.0294618,k1,0.0021544346900318843,0.00021544303811625042,0.125962,0.0434029,0.0839971
14,0.0294618,k1,0.0021544346900318843,0.00021544303811625042,0.125962,0.0434029,0.0839971
15,0.0294618,k1,0.0021544346900318843,0.00021544303811625042,0.125962,0.0434029,0.0839971
16,0.0294618,k1,0.0021544346900318843,0.00021544303811625042,0.125962,0.0434029,0.0839971
17,0.0294618,k1,0.0021544346900318843,0.00021544303811625042,0.125962,0.0434029,0.0839971
18,0.0294618,k1,0.0021544346900318843,0.00021544303811625042,0.125962,0.0434029,0.0839971
19,0.0294618,k1,0.0021544346900318843,0.00021544303811625042,0.125962,0.0434029,0.0839971
20,0.046079300000000004,k1,0.004641588833612777,0.000464157955043511,0.23204899999999998,0.0435508,0.0961749
21,0.046079300000000004,k1,0.004641588833612777,0.000464157955043511,0.23204899999999998,0.0435508,0.0961749
22,0.046079300000000004,k1,0.004641588833612777,0.000464157955043511,0.23204899999999998,0.0435508,0.0961749
23,0.046079300000000004,k1,0.004641588833612777,0.000464157955043511,0.23204899999999998,0.0435508,0.0961749
24,0.046079300000000004,k1,0.004641588833612777,0.000464157955043511,0.23204899999999998,0.0435508,0.0961749
25,0.046079300000000004,k1,0.004641588833612777,0.000464157955043511,0.23204899999999998,0.0435508,0.0961749
26,0.046079300000000004,k1,0.004641588833612777,0.000464157955043511,0.23204899999999998,0.0435508,0.0961749
27,0.046079300000000004,k1,0.004641588833612777,0.000464157955043511,0.23204899999999998,0.0435508,0.0961749
28,0.046079300000000004,k1,0.004641588833612777,0.000464157955043511,0.23204899999999998,0.0435508,0.0961749
29,0.046079300000000004,k1,0.004641588833612777,0.000464157955043511,0.23204899999999998,0.0435508,0.0961749
30,0.05581900000000001,k1,0.01,0.000999998,0.0960436,0.0879549,0.16001600000000002
31,0.05581900000000001,k1,0.01,0.000999998,0.0960436,0.0879549,0.16001600000000002
32,0.05581900000000001,k1,0.01,0.000999998,0.0960436,0.0879549,0.16001600000000002
33,0.05581900000000001,k1,0.01,0.000999998,0.0960436,0.0879549,0.16001600000000002
34,0.05581900000000001,k1,0.01,0.000999998,0.0960436,0.0879549,0.16001600000000002
35,0.05581900000000001,k1,0.01,0.000999998,0.0960436,0.0879549,0.16001600000000002
36,0.05581900000000001,k1,0.01,0.000999998,0.0960436,0.0879549,0.16001600000000002
37,0.05581900000000001,k1,0.01,0.000999998,0.0960436,0.0879549,0.16001600000000002
38,0.05581900000000001,k1,0.01,0.000999998,0.0960436,0.0879549,0.16001600000000002
39,0.05581900000000001,k1,0.01,0.000999998,0.0960436,0.0879549,0.16001600000000002
40,0.051176,k1,0.021544346900318832,0.002154430381162503,0.0478509,0.08895030000000001,0.139409
41,0.051176,k1,0.021544346900318832,0.002154430381162503,0.0478509,0.08895030000000001,0.139409
42,0.051176,k1,0.021544346900318832,0.002154430381162503,0.0478509,0.08895030000000001,0.139409
43,0.051176,k1,0.021544346900318832,0.002154430381162503,0.0478509,0.08895030000000001,0.139409
44,0.051176,k1,0.021544346900318832,0.002154430381162503,0.0478509,0.08895030000000001,0.139409
45,0.051176,k1,0.021544346900318832,0.002154430381162503,0.0478509,0.08895030000000001,0.139409
46,0.051176,k1,0.021544346900318832,0.002154430381162503,0.0478509,0.08895030000000001,0.139409
47,0.051176,k1,0.021544346900318832,0.002154430381162503,0.0478509,0.08895030000000001,0.139409
48,0.051176,k1,0.021544346900318832,0.002154430381162503,0.0478509,0.08895030000000001,0.139409
49,0.051176,k1,0.021544346900318832,0.002154430381162503,0.0478509,0.08895030000000001,0.139409
50,0.036926099999999996,k1,0.046415888336127795,0.004641579550435112,0.0230535,0.329191,0.527482
51,0.036926099999999996,k1,0.046415888336127795,0.004641579550435112,0.0230535,0.329191,0.527482
52,0.036926099999999996,k1,0.046415888336127795,0.004641579550435112,0.0230535,0.329191,0.527482
53,0.036926099999999996,k1,0.046415888336127795,0.004641579550435112,0.0230535,0.329191,0.527482
54,0.036926099999999996,k1,0.046415888336127795,0.004641579550435112,0.0230535,0.329191,0.527482
55,0.036926099999999996,k1,0.046415888336127795,0.004641579550435112,0.0230535,0.329191,0.527482
56,0.036926099999999996,k1,0.046415888336127795,0.004641579550435112,0.0230535,0.329191,0.527482
57,0.036926099999999996,k1,0.046415888336127795,0.004641579550435112,0.0230535,0.329191,0.527482
58,0.036926099999999996,k1,0.046415888336127795,0.004641579550435112,0.0230535,0.329191,0.527482
59,0.036926099999999996,k1,0.046415888336127795,0.004641579550435112,0.0230535,0.329191,0.527482
60,0.0226282,k1,0.1,0.00999998,0.0255518,0.36704000000000003,0.505612
61,0.0226282,k1,0.1,0.00999998,0.0255518,0.36704000000000003,0.505612
62,0.0226282,k1,0.1,0.00999998,0.0255518,0.36704000000000003,0.505612
63,0.0226282,k1,0.1,0.00999998,0.0255518,0.36704000000000003,0.505612
64,0.0226282,k1,0.1,0.00999998,0.0255518,0.36704000000000003,0.505612
65,0.0226282,k1,0.1,0.00999998,0.0255518,0.36704000000000003,0.505612
66,0.0226282,k1,0.1,0.00999998,0.0255518,0.36704000000000003,0.505612
67,0.0226282,k1,0.1,0.00999998,0.0255518,0.36704000000000003,0.505612
68,0.0226282,k1,0.1,0.00999998,0.0255518,0.36704000000000003,0.505612
69,0.0226282,k1,0.1,0.00999998,0.0255518,0.36704000000000003,0.505612
70,0.012021200000000001,k1,0.2154434690031884,0.02154430381162504,0.0396453,0.37852199999999997,0.426231
71,0.012021200000000001,k1,0.2154434690031884,0.02154430381162504,0.0396453,0.37852199999999997,0.426231
72,0.012021200000000001,k1,0.2154434690031884,0.02154430381162504,0.0396453,0.37852199999999997,0.426231
73,0.012021200000000001,k1,0.2154434690031884,0.02154430381162504,0.0396453,0.37852199999999997,0.426231
74,0.012021200000000001,k1,0.2154434690031884,0.02154430381162504,0.0396453,0.37852199999999997,0.426231
75,0.012021200000000001,k1,0.2154434690031884,0.02154430381162504,0.0396453,0.37852199999999997,0.426231
76,0.012021200000000001,k1,0.2154434690031884,0.02154430381162504,0.0396453,0.37852199999999997,0.426231
77,0.012021200000000001,k1,0.2154434690031884,0.02154430381162504,0.0396453,0.37852199999999997,0.426231
78,0.012021200000000001,k1,0.2154434690031884,0.02154430381162504,0.0396453,0.37852199999999997,0.426231
79,0.012021200000000001,k1,0.2154434690031884,0.02154430381162504,0.0396453,0.37852199999999997,0.426231
80,0.00340104,k1,0.4641588833612779,0.04641579550435112,0.06707350000000001,0.18875699999999998,0.18432
81,0.00340104,k1,0.4641588833612779,0.04641579550435112,0.06707350000000001,0.18875699999999998,0.18432
82,0.00340104,k1,0.4641588833612779,0.04641579550435112,0.06707350000000001,0.18875699999999998,0.18432
83,0.00340104,k1,0.4641588833612779,0.04641579550435112,0.06707350000000001,0.18875699999999998,0.18432
84,0.00340104,k1,0.4641588833612779,0.04641579550435112,0.06707350000000001,0.18875699999999998,0.18432
85,0.00340104,k1,0.4641588833612779,0.04641579550435112,0.06707350000000001,0.18875699999999998,0.18432
86,0.00340104,k1,0.4641588833612779,0.04641579550435112,0.06707350000000001,0.18875699999999998,0.18432
87,0.00340104,k1,0.4641588833612779,0.04641579550435112,0.06707350000000001,0.18875699999999998,0.18432
88,0.00340104,k1,0.4641588833612779,0.04641579550435112,0.06707350000000001,0.18875699999999998,0.18432
89,0.00340104,k1,0.4641588833612779,0.04641579550435112,0.06707350000000001,0.18875699999999998,0.18432
90,2.24433e-11,k1,1.0,0.0999998,0.117647,0.111099,0.09998889999999999
91,2.24433e-11,k1,1.0,0.0999998,0.117647,0.111099,0.09998889999999999
92,2.24433e-11,k1,1.0,0.0999998,0.117647,0.111099,0.09998889999999999
93,2.24433e-11,k1,1.0,0.0999998,0.117647,0.111099,0.09998889999999999
94,2.24433e-11,k1,1.0,0.0999998,0.117647,0.111099,0.09998889999999999
95,2.24433e-11,k1,1.0,0.0999998,0.117647,0.111099,0.09998889999999999
96,2.24433e-11,k1,1.0,0.0999998,0.117647,0.111099,0.09998889999999999
97,2.24433e-11,k1,1.0,0.0999998,0.117647,0.111099,0.09998889999999999
98,2.24433e-11,k1,1.0,0.0999998,0.117647,0.111099,0.09998889999999999
99,2.24433e-11,k1,1.0,0.0999998,0.117647,0.111099,0.09998889999999999
100,0.00146201,k1,2.154434690031884,0.21544303811625037,0.231846,0.0866864,0.07621939999999999
101,0.00146201,k1,2.154434690031884,0.21544303811625037,0.231846,0.0866864,0.07621939999999999
102,0.00146201,k1,2.154434690031884,0.21544303811625037,0.231846,0.0866864,0.07621939999999999
103,0.00146201,k1,2.154434690031884,0.21544303811625037,0.231846,0.0866864,0.07621939999999999
104,0.00146201,k1,2.154434690031884,0.21544303811625037,0.231846,0.0866864,0.07621939999999999
105,0.00146201,k1,2.154434690031884,0.21544303811625037,0.231846,0.0866864,0.07621939999999999
106,0.00146201,k1,2.154434690031884,0.21544303811625037,0.231846,0.0866864,0.07621939999999999
107,0.00146201,k1,2.154434690031884,0.21544303811625037,0.231846,0.0866864,0.07621939999999999
108,0.00146201,k1,2.154434690031884,0.21544303811625037,0.231846,0.0866864,0.07621939999999999
109,0.00146201,k1,2.154434690031884,0.21544303811625037,0.231846,0.0866864,0.07621939999999999
110,0.00209108,k1,4.641588833612778,0.4641579550435111,0.5058630000000001,0.07764910000000001,0.07099860000000001
111,0.00209108,k1,4.641588833612778,0.4641579550435111,0.5058630000000001,0.07764910000000001,0.07099860000000001
112,0.00209108,k1,4.641588833612778,0.4641579550435111,0.5058630000000001,0.07764910000000001,0.07099860000000001
113,0.00209108,k1,4.641588833612778,0.4641579550435111,0.5058630000000001,0.07764910000000001,0.07099860000000001
114,0.00209108,k1,4.641588833612778,0.4641579550435111,0.5058630000000001,0.07764910000000001,0.07099860000000001
115,0.00209108,k1,4.641588833612778,0.4641579550435111,0.5058630000000001,0.07764910000000001,0.07099860000000001
116,0.00209108,k1,4.641588833612778,0.4641579550435111,0.5058630000000001,0.07764910000000001,0.07099860000000001
117,0.00209108,k1,4.641588833612778,0.4641579550435111,0.5058630000000001,0.07764910000000001,0.07099860000000001
118,0.00209108,k1,4.641588833612778,0.4641579550435111,0.5058630000000001,0.07764910000000001,0.07099860000000001
119,0.00209108,k1,4.641588833612778,0.4641579550435111,0.5058630000000001,0.07764910000000001,0.07099860000000001
120,0.0019959,k1,10.0,0.9999979999999999,1.1008200000000001,0.0731298,0.06775360000000001
121,0.0019959,k1,10.0,0.9999979999999999,1.1008200000000001,0.0731298,0.06775360000000001
122,0.0019959,k1,10.0,0.9999979999999999,1.1008200000000001,0.0731298,0.06775360000000001
123,0.0019959,k1,10.0,0.9999979999999999,1.1008200000000001,0.0731298,0.06775360000000001
124,0.0019959,k1,10.0,0.9999979999999999,1.1008200000000001,0.0731298,0.06775360000000001
125,0.0019959,k1,10.0,0.9999979999999999,1.1008200000000001,0.0731298,0.06775360000000001
126,0.0019959,k1,10.0,0.9999979999999999,1.1008200000000001,0.0731298,0.06775360000000001
127,0.0019959,k1,10.0,0.9999979999999999,1.1008200000000001,0.0731298,0.06775360000000001
128,0.0019959,k1,10.0,0.9999979999999999,1.1008200000000001,0.0731298,0.06775360000000001
129,0.0019959,k1,10.0,0.9999979999999999,1.1008200000000001,0.0731298,0.06775360000000001
130,0.00194702,k1,21.544346900318832,2.154430381162503,2.45693,0.0674742,0.067312
131,0.00194702,k1,21.544346900318832,2.154430381162503,2.45693,0.0674742,0.067312
132,0.00194702,k1,21.544346900318832,2.154430381162503,2.45693,0.0674742,0.067312
133,0.00194702,k1,21.544346900318832,2.154430381162503,2.45693,0.0674742,0.067312
134,0.00194702,k1,21.544346900318832,2.154430381162503,2.45693,0.0674742,0.067312
135,0.00194702,k1,21.544346900318832,2.154430381162503,2.45693,0.0674742,0.067312
136,0.00194702,k1,21.544346900318832,2.154430381162503,2.45693,0.0674742,0.067312
137,0.00194702,k1,21.544346900318832,2.154430381162503,2.45693,0.0674742,0.067312
138,0.00194702,k1,21.544346900318832,2.154430381162503,2.45693,0.0674742,0.067312
139,0.00194702,k1,21.544346900318832,2.154430381162503,2.45693,0.0674742,0.067312
140,0.00404969,k1,46.4158883361278,4.641579550435113,4.46465,1.58585,1.07344
141,0.00404969,k1,46.4158883361278,4.641579550435113,4.46465,1.58585,1.07344
142,0.00404969,k1,46.4158883361278,4.641579550435113,4.46465,1.58585,1.07344
143,0.00404969,k1,46.4158883361278,4.641579550435113,4.46465,1.58585,1.07344
144,0.00404969,k1,46.4158883361278,4.641579550435113,4.46465,1.58585,1.07344
145,0.00404969,k1,46.4158883361278,4.641579550435113,4.46465,1.58585,1.07344
146,0.00404969,k1,46.4158883361278,4.641579550435113,4.46465,1.58585,1.07344
147,0.00404969,k1,46.4158883361278,4.641579550435113,4.46465,1.58585,1.07344
148,0.00404969,k1,46.4158883361278,4.641579550435113,4.46465,1.58585,1.07344
149,0.00404969,k1,46.4158883361278,4.641579550435113,4.46465,1.58585,1.07344
150,0.0040497,k1,100.00000000000001,9.99998,9.61972,2.1576299999999997,1.4608700000000001
151,0.0040497,k1,100.00000000000001,9.99998,9.61972,2.1576299999999997,1.4608700000000001
152,0.0040497,k1,100.00000000000001,9.99998,9.61972,2.1576299999999997,1.4608700000000001
153,0.0040497,k1,100.00000000000001,9.99998,9.61972,2.1576299999999997,1.4608700000000001
154,0.0040497,k1,100.00000000000001,9.99998,9.61972,2.1576299999999997,1.4608700000000001
155,0.0040497,k1,100.00000000000001,9.99998,9.61972,2.1576299999999997,1.4608700000000001
156,0.0040497,k1,100.00000000000001,9.99998,9.61972,2.1576299999999997,1.4608700000000001
157,0.0040497,k1,100.00000000000001,9.99998,9.61972,2.1576299999999997,1.4608700000000001
158,0.0040497,k1,100.00000000000001,9.99998,9.61972,2.1576299999999997,1.4608700000000001
159,0.0040497,k1,100.00000000000001,9.99998,9.61972,2.1576299999999997,1.4608700000000001
160,0.00404968,k1,215.44346900318845,21.544303811625046,20.7262,3.26234,2.20926
161,0.00404968,k1,215.44346900318845,21.544303811625046,20.7262,3.26234,2.20926
162,0.00404968,k1,215.44346900318845,21.544303811625046,20.7262,3.26234,2.20926
163,0.00404968,k1,215.44346900318845,21.544303811625046,20.7262,3.26234,2.20926
164,0.00404968,k1,215.44346900318845,21.544303811625046,20.7262,3.26234,2.20926
165,0.00404968,k1,215.44346900318845,21.544303811625046,20.7262,3.26234,2.20926
166,0.00404968,k1,215.44346900318845,21.544303811625046,20.7262,3.26234,2.20926
167,0.00404968,k1,215.44346900318845,21.544303811625046,20.7262,3.26234,2.20926
168,0.00404968,k1,215.44346900318845,21.544303811625046,20.7262,3.26234,2.20926
169,0.00404968,k1,215.44346900318845,21.544303811625046,20.7262,3.26234,2.20926
170,0.00404963,k1,464.15888336127773,46.4157955043511,44.6562,8.25625,5.59236
171,0.00404963,k1,464.15888336127773,46.4157955043511,44.6562,8.25625,5.59236
172,0.00404963,k1,464.15888336127773,46.4157955043511,44.6562,8.25625,5.59236
173,0.00404963,k1,464.15888336127773,46.4157955043511,44.6562,8.25625,5.59236
174,0.00404963,k1,464.15888336127773,46.4157955043511,44.6562,8.25625,5.59236
175,0.00404963,k1,464.15888336127773,46.4157955043511,44.6562,8.25625,5.59236
176,0.00404963,k1,464.15888336127773,46.4157955043511,44.6562,8.25625,5.59236
177,0.00404963,k1,464.15888336127773,46.4157955043511,44.6562,8.25625,5.59236
178,0.00404963,k1,464.15888336127773,46.4157955043511,44.6562,8.25625,5.59236
179,0.00404963,k1,464.15888336127773,46.4157955043511,44.6562,8.25625,5.59236
180,0.00404962,k1,999.9999999999999,99.9998,96.2134,15.4688,10.4789
181,0.00404962,k1,999.9999999999999,99.9998,96.2134,15.4688,10.4789
182,0.00404962,k1,999.9999999999999,99.9998,96.2134,15.4688,10.4789
183,0.00404962,k1,999.9999999999999,99.9998,96.2134,15.4688,10.4789
184,0.00404962,k1,999.9999999999999,99.9998,96.2134,15.4688,10.4789
185,0.00404962,k1,999.9999999999999,99.9998,96.2134,15.4688,10.4789
186,0.00404962,k1,999.9999999999999,99.9998,96.2134,15.4688,10.4789
187,0.00404962,k1,999.9999999999999,99.9998,96.2134,15.4688,10.4789
188,0.00404962,k1,999.9999999999999,99.9998,96.2134,15.4688,10.4789
189,0.00404962,k1,999.9999999999999,99.9998,96.2134,15.4688,10.4789
190,0.0145046,k4,0.001,0.143556,0.084611,0.0244084,9.998890000000001e-05
191,0.0145046,k4,0.001,0.143556,0.084611,0.0244084,9.998890000000001e-05
192,0.0145046,k4,0.001,0.143556,0.084611,0.0244084,9.998890000000001e-05
193,0.0145046,k4,0.001,0.143556,0.084611,0.0244084,9.998890000000001e-05
194,0.0145046,k4,0.001,0.143556,0.084611,0.0244084,9.998890000000001e-05
195,0.0145046,k4,0.001,0.143556,0.084611,0.0244084,9.998890000000001e-05
196,0.0145046,k4,0.001,0.143556,0.084611,0.0244084,9.998890000000001e-05
197,0.0145046,k4,0.001,0.143556,0.084611,0.0244084,9.998890000000001e-05
198,0.0145046,k4,0.001,0.143556,0.084611,0.0244084,9.998890000000001e-05
199,0.0145046,k4,0.001,0.143556,0.084611,0.0244084,9.998890000000001e-05
200,0.014374200000000002,k4,0.0021544346900318843,0.143454,0.0848941,0.024139599999999997,0.0002154195547781291
201,0.014374200000000002,k4,0.0021544346900318843,0.143454,0.0848941,0.024139599999999997,0.0002154195547781291
202,0.014374200000000002,k4,0.0021544346900318843,0.143454,0.0848941,0.024139599999999997,0.0002154195547781291
203,0.014374200000000002,k4,0.0021544346900318843,0.143454,0.0848941,0.024139599999999997,0.0002154195547781291
204,0.014374200000000002,k4,0.0021544346900318843,0.143454,0.0848941,0.024139599999999997,0.0002154195547781291
205,0.014374200000000002,k4,0.0021544346900318843,0.143454,0.0848941,0.024139599999999997,0.0002154195547781291
206,0.014374200000000002,k4,0.0021544346900318843,0.143454,0.0848941,0.024139599999999997,0.0002154195547781291
207,0.014374200000000002,k4,0.0021544346900318843,0.143454,0.0848941,0.024139599999999997,0.0002154195547781291
208,0.014374200000000002,k4,0.0021544346900318843,0.143454,0.0848941,0.024139599999999997,0.0002154195547781291
209,0.014374200000000002,k4,0.0021544346900318843,0.143454,0.0848941,0.024139599999999997,0.0002154195547781291
210,0.0140947,k4,0.004641588833612777,0.143369,0.0859572,0.023600599999999996,0.00046410736172522465
211,0.0140947,k4,0.004641588833612777,0.143369,0.0859572,0.023600599999999996,0.00046410736172522465
212,0.0140947,k4,0.004641588833612777,0.143369,0.0859572,0.023600599999999996,0.00046410736172522465
213,0.0140947,k4,0.004641588833612777,0.143369,0.0859572,0.023600599999999996,0.00046410736172522465
214,0.0140947,k4,0.004641588833612777,0.143369,0.0859572,0.023600599999999996,0.00046410736172522465
215,0.0140947,k4,0.004641588833612777,0.143369,0.0859572,0.023600599999999996,0.00046410736172522465
216,0.0140947,k4,0.004641588833612777,0.143369,0.0859572,0.023600599999999996,0.00046410736172522465
217,0.0140947,k4,0.004641588833612777,0.143369,0.0859572,0.023600599999999996,0.00046410736172522465
218,0.0140947,k4,0.004641588833612777,0.143369,0.0859572,0.023600599999999996,0.00046410736172522465
219,0.0140947,k4,0.004641588833612777,0.143369,0.0859572,0.023600599999999996,0.00046410736172522465
220,0.0134996,k4,0.01,0.142261,0.0874571,0.022362,0.0009998890000000001
221,0.0134996,k4,0.01,0.142261,0.0874571,0.022362,0.0009998890000000001
222,0.0134996,k4,0.01,0.142261,0.0874571,0.022362,0.0009998890000000001
223,0.0134996,k4,0.01,0.142261,0.0874571,0.022362,0.0009998890000000001
224,0.0134996,k4,0.01,0.142261,0.0874571,0.022362,0.0009998890000000001
225,0.0134996,k4,0.01,0.142261,0.0874571,0.022362,0.0009998890000000001
226,0.0134996,k4,0.01,0.142261,0.0874571,0.022362,0.0009998890000000001
227,0.0134996,k4,0.01,0.142261,0.0874571,0.022362,0.0009998890000000001
228,0.0134996,k4,0.01,0.142261,0.0874571,0.022362,0.0009998890000000001
229,0.0134996,k4,0.01,0.142261,0.0874571,0.022362,0.0009998890000000001
230,0.0122795,k4,0.021544346900318832,0.13103099999999998,0.0858368,0.0195179,0.0021541955477812898
231,0.0122795,k4,0.021544346900318832,0.13103099999999998,0.0858368,0.0195179,0.0021541955477812898
232,0.0122795,k4,0.021544346900318832,0.13103099999999998,0.0858368,0.0195179,0.0021541955477812898
233,0.0122795,k4,0.021544346900318832,0.13103099999999998,0.0858368,0.0195179,0.0021541955477812898
234,0.0122795,k4,0.021544346900318832,0.13103099999999998,0.0858368,0.0195179,0.0021541955477812898
235,0.0122795,k4,0.021544346900318832,0.13103099999999998,0.0858368,0.0195179,0.0021541955477812898
236,0.0122795,k4,0.021544346900318832,0.13103099999999998,0.0858368,0.0195179,0.0021541955477812898
237,0.0122795,k4,0.021544346900318832,0.13103099999999998,0.0858368,0.0195179,0.0021541955477812898
238,0.0122795,k4,0.021544346900318832,0.13103099999999998,0.0858368,0.0195179,0.0021541955477812898
239,0.0122795,k4,0.021544346900318832,0.13103099999999998,0.0858368,0.0195179,0.0021541955477812898
240,0.00950018,k4,0.04641588833612779,0.144877,0.126333,0.01,0.004641073617252248
241,0.00950018,k4,0.04641588833612779,0.144877,0.126333,0.01,0.004641073617252248
242,0.00950018,k4,0.04641588833612779,0.144877,0.126333,0.01,0.004641073617252248
243,0.00950018,k4,0.04641588833612779,0.144877,0.126333,0.01,0.004641073617252248
244,0.00950018,k4,0.04641588833612779,0.144877,0.126333,0.01,0.004641073617252248
245,0.00950018,k4,0.04641588833612779,0.144877,0.126333,0.01,0.004641073617252248
246,0.00950018,k4,0.04641588833612779,0.144877,0.126333,0.01,0.004641073617252248
247,0.00950018,k4,0.04641588833612779,0.144877,0.126333,0.01,0.004641073617252248
248,0.00950018,k4,0.04641588833612779,0.144877,0.126333,0.01,0.004641073617252248
249,0.00950018,k4,0.04641588833612779,0.144877,0.126333,0.01,0.004641073617252248
250,0.00587114,k4,0.1,0.13816900000000001,0.1593,0.011218700000000002,0.009998890000000002
251,0.00587114,k4,0.1,0.13816900000000001,0.1593,0.011218700000000002,0.009998890000000002
252,0.00587114,k4,0.1,0.13816900000000001,0.1593,0.011218700000000002,0.009998890000000002
253,0.00587114,k4,0.1,0.13816900000000001,0.1593,0.011218700000000002,0.009998890000000002
254,0.00587114,k4,0.1,0.13816900000000001,0.1593,0.011218700000000002,0.009998890000000002
255,0.00587114,k4,0.1,0.13816900000000001,0.1593,0.011218700000000002,0.009998890000000002
256,0.00587114,k4,0.1,0.13816900000000001,0.1593,0.011218700000000002,0.009998890000000002
257,0.00587114,k4,0.1,0.13816900000000001,0.1593,0.011218700000000002,0.009998890000000002
258,0.00587114,k4,0.1,0.13816900000000001,0.1593,0.011218700000000002,0.009998890000000002
259,0.00587114,k4,0.1,0.13816900000000001,0.1593,0.011218700000000002,0.009998890000000002
260,0.00260846,k4,0.2154434690031884,0.126137,0.146688,0.0240187,0.021541955477812905
261,0.00260846,k4,0.2154434690031884,0.126137,0.146688,0.0240187,0.021541955477812905
262,0.00260846,k4,0.2154434690031884,0.126137,0.146688,0.0240187,0.021541955477812905
263,0.00260846,k4,0.2154434690031884,0.126137,0.146688,0.0240187,0.021541955477812905
264,0.00260846,k4,0.2154434690031884,0.126137,0.146688,0.0240187,0.021541955477812905
265,0.00260846,k4,0.2154434690031884,0.126137,0.146688,0.0240187,0.021541955477812905
266,0.00260846,k4,0.2154434690031884,0.126137,0.146688,0.0240187,0.021541955477812905
267,0.00260846,k4,0.2154434690031884,0.126137,0.146688,0.0240187,0.021541955477812905
268,0.00260846,k4,0.2154434690031884,0.126137,0.146688,0.0240187,0.021541955477812905
269,0.00260846,k4,0.2154434690031884,0.126137,0.146688,0.0240187,0.021541955477812905
270,0.0006946439999999999,k4,0.4641588833612779,0.11016300000000001,0.135319,0.0464575,0.04641073617252248
271,0.0006946439999999999,k4,0.4641588833612779,0.11016300000000001,0.135319,0.0464575,0.04641073617252248
272,0.0006946439999999999,k4,0.4641588833612779,0.11016300000000001,0.135319,0.0464575,0.04641073617252248
273,0.0006946439999999999,k4,0.4641588833612779,0.11016300000000001,0.135319,0.0464575,0.04641073617252248
274,0.0006946439999999999,k4,0.4641588833612779,0.11016300000000001,0.135319,0.0464575,0.04641073617252248
275,0.0006946439999999999,k4,0.4641588833612779,0.11016300000000001,0.135319,0.0464575,0.04641073617252248
276,0.0006946439999999999,k4,0.4641588833612779,0.11016300000000001,0.135319,0.0464575,0.04641073617252248
277,0.0006946439999999999,k4,0.4641588833612779,0.11016300000000001,0.135319,0.0464575,0.04641073617252248
278,0.0006946439999999999,k4,0.4641588833612779,0.11016300000000001,0.135319,0.0464575,0.04641073617252248
279,0.0006946439999999999,k4,0.4641588833612779,0.11016300000000001,0.135319,0.0464575,0.04641073617252248
280,2.24433e-11,k4,1.0,0.0999998,0.117647,0.111099,0.0999889
281,2.24433e-11,k4,1.0,0.0999998,0.117647,0.111099,0.0999889
282,2.24433e-11,k4,1.0,0.0999998,0.117647,0.111099,0.0999889
283,2.24433e-11,k4,1.0,0.0999998,0.117647,0.111099,0.0999889
284,2.24433e-11,k4,1.0,0.0999998,0.117647,0.111099,0.0999889
285,2.24433e-11,k4,1.0,0.0999998,0.117647,0.111099,0.0999889
286,2.24433e-11,k4,1.0,0.0999998,0.117647,0.111099,0.0999889
287,2.24433e-11,k4,1.0,0.0999998,0.117647,0.111099,0.0999889
288,2.24433e-11,k4,1.0,0.0999998,0.117647,0.111099,0.0999889
289,2.24433e-11,k4,1.0,0.0999998,0.117647,0.111099,0.0999889
290,0.000578482,k4,2.154434690031884,0.09162089999999999,0.111608,0.223873,0.21541955477812905
291,0.000578482,k4,2.154434690031884,0.09162089999999999,0.111608,0.223873,0.21541955477812905
292,0.000578482,k4,2.154434690031884,0.09162089999999999,0.111608,0.223873,0.21541955477812905
293,0.000578482,k4,2.154434690031884,0.09162089999999999,0.111608,0.223873,0.21541955477812905
294,0.000578482,k4,2.154434690031884,0.09162089999999999,0.111608,0.223873,0.21541955477812905
295,0.000578482,k4,2.154434690031884,0.09162089999999999,0.111608,0.223873,0.21541955477812905
296,0.000578482,k4,2.154434690031884,0.09162089999999999,0.111608,0.223873,0.21541955477812905
297,0.000578482,k4,2.154434690031884,0.09162089999999999,0.111608,0.223873,0.21541955477812905
298,0.000578482,k4,2.154434690031884,0.09162089999999999,0.111608,0.223873,0.21541955477812905
299,0.000578482,k4,2.154434690031884,0.09162089999999999,0.111608,0.223873,0.21541955477812905
300,0.00156305,k4,4.641588833612778,0.0878987,0.102267,0.533197,0.46410736172522477
301,0.00156305,k4,4.641588833612778,0.0878987,0.102267,0.533197,0.46410736172522477
302,0.00156305,k4,4.641588833612778,0.0878987,0.102267,0.533197,0.46410736172522477
303,0.00156305,k4,4.641588833612778,0.0878987,0.102267,0.533197,0.46410736172522477
304,0.00156305,k4,4.641588833612778,0.0878987,0.102267,0.533197,0.46410736172522477
305,0.00156305,k4,4.641588833612778,0.0878987,0.102267,0.533197,0.46410736172522477
306,0.00156305,k4,4.641588833612778,0.0878987,0.102267,0.533197,0.46410736172522477
307,0.00156305,k4,4.641588833612778,0.0878987,0.102267,0.533197,0.46410736172522477
308,0.00156305,k4,4.641588833612778,0.0878987,0.102267,0.533197,0.46410736172522477
309,0.00156305,k4,4.641588833612778,0.0878987,0.102267,0.533197,0.46410736172522477
310,0.00404993,k4,10.0,0.7176640000000001,0.690489,1.4751299999999998,0.999889
311,0.00404993,k4,10.0,0.7176640000000001,0.690489,1.4751299999999998,0.999889
312,0.00404993,k4,10.0,0.7176640000000001,0.690489,1.4751299999999998,0.999889
313,0.00404993,k4,10.0,0.7176640000000001,0.690489,1.4751299999999998,0.999889
314,0.00404993,k4,10.0,0.7176640000000001,0.690489,1.4751299999999998,0.999889
315,0.00404993,k4,10.0,0.7176640000000001,0.690489,1.4751299999999998,0.999889
316,0.00404993,k4,10.0,0.7176640000000001,0.690489,1.4751299999999998,0.999889
317,0.00404993,k4,10.0,0.7176640000000001,0.690489,1.4751299999999998,0.999889
318,0.00404993,k4,10.0,0.7176640000000001,0.690489,1.4751299999999998,0.999889
319,0.00404993,k4,10.0,0.7176640000000001,0.690489,1.4751299999999998,0.999889
320,0.0021982,k4,21.544346900318832,0.0929951,0.102442,2.72693,2.1541955477812897
321,0.0021982,k4,21.544346900318832,0.0929951,0.102442,2.72693,2.1541955477812897
322,0.0021982,k4,21.544346900318832,0.0929951,0.102442,2.72693,2.1541955477812897
323,0.0021982,k4,21.544346900318832,0.0929951,0.102442,2.72693,2.1541955477812897
324,0.0021982,k4,21.544346900318832,0.0929951,0.102442,2.72693,2.1541955477812897
325,0.0021982,k4,21.544346900318832,0.0929951,0.102442,2.72693,2.1541955477812897
326,0.0021982,k4,21.544346900318832,0.0929951,0.102442,2.72693,2.1541955477812897
327,0.0021982,k4,21.544346900318832,0.0929951,0.102442,2.72693,2.1541955477812897
328,0.0021982,k4,21.544346900318832,0.0929951,0.102442,2.72693,2.1541955477812897
329,0.0021982,k4,21.544346900318832,0.0929951,0.102442,2.72693,2.1541955477812897
330,0.00404917,k4,46.41588833612779,1.25326,1.20604,6.849589999999999,4.641073617252249
331,0.00404917,k4,46.41588833612779,1.25326,1.20604,6.849589999999999,4.641073617252249
332,0.00404917,k4,46.41588833612779,1.25326,1.20604,6.849589999999999,4.641073617252249
333,0.00404917,k4,46.41588833612779,1.25326,1.20604,6.849589999999999,4.641073617252249
334,0.00404917,k4,46.41588833612779,1.25326,1.20604,6.849589999999999,4.641073617252249
335,0.00404917,k4,46.41588833612779,1.25326,1.20604,6.849589999999999,4.641073617252249
336,0.00404917,k4,46.41588833612779,1.25326,1.20604,6.849589999999999,4.641073617252249
337,0.00404917,k4,46.41588833612779,1.25326,1.20604,6.849589999999999,4.641073617252249
338,0.00404917,k4,46.41588833612779,1.25326,1.20604,6.849589999999999,4.641073617252249
339,0.00404917,k4,46.41588833612779,1.25326,1.20604,6.849589999999999,4.641073617252249
340,0.00693551,k4,100.0,0.0746181,0.210635,2.65185,9.998890000000001
341,0.00693551,k4,100.0,0.0746181,0.210635,2.65185,9.998890000000001
342,0.00693551,k4,100.0,0.0746181,0.210635,2.65185,9.998890000000001
343,0.00693551,k4,100.0,0.0746181,0.210635,2.65185,9.998890000000001
344,0.00693551,k4,100.0,0.0746181,0.210635,2.65185,9.998890000000001
345,0.00693551,k4,100.0,0.0746181,0.210635,2.65185,9.998890000000001
346,0.00693551,k4,100.0,0.0746181,0.210635,2.65185,9.998890000000001
347,0.00693551,k4,100.0,0.0746181,0.210635,2.65185,9.998890000000001
348,0.00693551,k4,100.0,0.0746181,0.210635,2.65185,9.998890000000001
349,0.00693551,k4,100.0,0.0746181,0.210635,2.65185,9.998890000000001
350,0.00914915,k4,215.44346900318845,0.06875189999999999,0.349831,2.89669,21.541955477812913
351,0.00914915,k4,215.44346900318845,0.06875189999999999,0.349831,2.89669,21.541955477812913
352,0.00914915,k4,215.44346900318845,0.06875189999999999,0.349831,2.89669,21.541955477812913
353,0.00914915,k4,215.44346900318845,0.06875189999999999,0.349831,2.89669,21.541955477812913
354,0.00914915,k4,215.44346900318845,0.06875189999999999,0.349831,2.89669,21.541955477812913
355,0.00914915,k4,215.44346900318845,0.06875189999999999,0.349831,2.89669,21.541955477812913
356,0.00914915,k4,215.44346900318845,0.06875189999999999,0.349831,2.89669,21.541955477812913
357,0.00914915,k4,215.44346900318845,0.06875189999999999,0.349831,2.89669,21.541955477812913
358,0.00914915,k4,215.44346900318845,0.06875189999999999,0.349831,2.89669,21.541955477812913
359,0.00914915,k4,215.44346900318845,0.06875189999999999,0.349831,2.89669,21.541955477812913
360,0.011235700000000001,k4,464.1588833612777,0.0587615,0.912834,1.91546,46.41073617252246
361,0.011235700000000001,k4,464.1588833612777,0.0587615,0.912834,1.91546,46.41073617252246
362,0.011235700000000001,k4,464.1588833612777,0.0587615,0.912834,1.91546,46.41073617252246
363,0.011235700000000001,k4,464.1588833612777,0.0587615,0.912834,1.91546,46.41073617252246
364,0.011235700000000001,k4,464.1588833612777,0.0587615,0.912834,1.91546,46.41073617252246
365,0.011235700000000001,k4,464.1588833612777,0.0587615,0.912834,1.91546,46.41073617252246
366,0.011235700000000001,k4,464.1588833612777,0.0587615,0.912834,1.91546,46.41073617252246
367,0.011235700000000001,k4,464.1588833612777,0.0587615,0.912834,1.91546,46.41073617252246
368,0.011235700000000001,k4,464.1588833612777,0.0587615,0.912834,1.91546,46.41073617252246
369,0.011235700000000001,k4,464.1588833612777,0.0587615,0.912834,1.91546,46.41073617252246
370,0.0115472,k4,1000.0,0.057519900000000006,1.22294,2.97834,99.9889
371,0.0115472,k4,1000.0,0.057519900000000006,1.22294,2.97834,99.9889
372,0.0115472,k4,1000.0,0.057519900000000006,1.22294,2.97834,99.9889
373,0.0115472,k4,1000.0,0.057519900000000006,1.22294,2.97834,99.9889
374,0.0115472,k4,1000.0,0.057519900000000006,1.22294,2.97834,99.9889
375,0.0115472,k4,1000.0,0.057519900000000006,1.22294,2.97834,99.9889
376,0.0115472,k4,1000.0,0.057519900000000006,1.22294,2.97834,99.9889
377,0.0115472,k4,1000.0,0.057519900000000006,1.22294,2.97834,99.9889
378,0.0115472,k4,1000.0,0.057519900000000006,1.22294,2.97834,99.9889
379,0.0115472,k4,1000.0,0.057519900000000006,1.22294,2.97834,99.9889
380,0.192416,k2,0.001,0.01,0.00011764700000000001,100.0,6.2933
381,0.192416,k2,0.001,0.01,0.00011764700000000001,100.0,6.2933
382,0.192416,k2,0.001,0.01,0.00011764700000000001,100.0,6.2933
383,0.192416,k2,0.001,0.01,0.00011764700000000001,100.0,6.2933
384,0.192416,k2,0.001,0.01,0.00011764700000000001,100.0,6.2933
385,0.192416,k2,0.001,0.01,0.00011764700000000001,100.0,6.2933
386,0.192416,k2,0.001,0.01,0.00011764700000000001,100.0,6.2933
387,0.192416,k2,0.001,0.01,0.00011764700000000001,100.0,6.2933
388,0.192416,k2,0.001,0.01,0.00011764700000000001,100.0,6.2933
389,0.192416,k2,0.001,0.01,0.00011764700000000001,100.0,6.2933
390,0.17690699999999998,k2,0.0021544346900318843,0.01,0.0002534627779781811,0.966615,0.0949186
391,0.17690699999999998,k2,0.0021544346900318843,0.01,0.0002534627779781811,0.966615,0.0949186
392,0.17690699999999998,k2,0.0021544346900318843,0.01,0.0002534627779781811,0.966615,0.0949186
393,0.17690699999999998,k2,0.0021544346900318843,0.01,0.0002534627779781811,0.966615,0.0949186
394,0.17690699999999998,k2,0.0021544346900318843,0.01,0.0002534627779781811,0.966615,0.0949186
395,0.17690699999999998,k2,0.0021544346900318843,0.01,0.0002534627779781811,0.966615,0.0949186
396,0.17690699999999998,k2,0.0021544346900318843,0.01,0.0002534627779781811,0.966615,0.0949186
397,0.17690699999999998,k2,0.0021544346900318843,0.01,0.0002534627779781811,0.966615,0.0949186
398,0.17690699999999998,k2,0.0021544346900318843,0.01,0.0002534627779781811,0.966615,0.0949186
399,0.17690699999999998,k2,0.0021544346900318843,0.01,0.0002534627779781811,0.966615,0.0949186
400,0.149839,k2,0.004641588833612777,0.01,0.0005460690015080424,0.7218600000000001,0.019565700000000002
401,0.149839,k2,0.004641588833612777,0.01,0.0005460690015080424,0.7218600000000001,0.019565700000000002
402,0.149839,k2,0.004641588833612777,0.01,0.0005460690015080424,0.7218600000000001,0.019565700000000002
403,0.149839,k2,0.004641588833612777,0.01,0.0005460690015080424,0.7218600000000001,0.019565700000000002
404,0.149839,k2,0.004641588833612777,0.01,0.0005460690015080424,0.7218600000000001,0.019565700000000002
405,0.149839,k2,0.004641588833612777,0.01,0.0005460690015080424,0.7218600000000001,0.019565700000000002
406,0.149839,k2,0.004641588833612777,0.01,0.0005460690015080424,0.7218600000000001,0.019565700000000002
407,0.149839,k2,0.004641588833612777,0.01,0.0005460690015080424,0.7218600000000001,0.019565700000000002
408,0.149839,k2,0.004641588833612777,0.01,0.0005460690015080424,0.7218600000000001,0.019565700000000002
409,0.149839,k2,0.004641588833612777,0.01,0.0005460690015080424,0.7218600000000001,0.019565700000000002
410,0.10890899999999999,k2,0.01,0.01,0.00117647,1.5225600000000001,0.0299978
411,0.10890899999999999,k2,0.01,0.01,0.00117647,1.5225600000000001,0.0299978
412,0.10890899999999999,k2,0.01,0.01,0.00117647,1.5225600000000001,0.0299978
413,0.10890899999999999,k2,0.01,0.01,0.00117647,1.5225600000000001,0.0299978
414,0.10890899999999999,k2,0.01,0.01,0.00117647,1.5225600000000001,0.0299978
415,0.10890899999999999,k2,0.01,0.01,0.00117647,1.5225600000000001,0.0299978
416,0.10890899999999999,k2,0.01,0.01,0.00117647,1.5225600000000001,0.0299978
417,0.10890899999999999,k2,0.01,0.01,0.00117647,1.5225600000000001,0.0299978
418,0.10890899999999999,k2,0.01,0.01,0.00117647,1.5225600000000001,0.0299978
419,0.10890899999999999,k2,0.01,0.01,0.00117647,1.5225600000000001,0.0299978
420,0.06502709999999999,k2,0.021544346900318832,0.01,0.0025346277797818097,0.29444899999999996,0.01
421,0.06502709999999999,k2,0.021544346900318832,0.01,0.0025346277797818097,0.29444899999999996,0.01
422,0.06502709999999999,k2,0.021544346900318832,0.01,0.0025346277797818097,0.29444899999999996,0.01
423,0.06502709999999999,k2,0.021544346900318832,0.01,0.0025346277797818097,0.29444899999999996,0.01
424,0.06502709999999999,k2,0.021544346900318832,0.01,0.0025346277797818097,0.29444899999999996,0.01
425,0.06502709999999999,k2,0.021544346900318832,0.01,0.0025346277797818097,0.29444899999999996,0.01
426,0.06502709999999999,k2,0.021544346900318832,0.01,0.0025346277797818097,0.29444899999999996,0.01
427,0.06502709999999999,k2,0.021544346900318832,0.01,0.0025346277797818097,0.29444899999999996,0.01
428,0.06502709999999999,k2,0.021544346900318832,0.01,0.0025346277797818097,0.29444899999999996,0.01
429,0.06502709999999999,k2,0.021544346900318832,0.01,0.0025346277797818097,0.29444899999999996,0.01
430,0.037834,k2,0.04641588833612779,0.01,0.005460690015080426,5.33542,0.637133
431,0.037834,k2,0.04641588833612779,0.01,0.005460690015080426,5.33542,0.637133
432,0.037834,k2,0.04641588833612779,0.01,0.005460690015080426,5.33542,0.637133
433,0.037834,k2,0.04641588833612779,0.01,0.005460690015080426,5.33542,0.637133
434,0.037834,k2,0.04641588833612779,0.01,0.005460690015080426,5.33542,0.637133
435,0.037834,k2,0.04641588833612779,0.01,0.005460690015080426,5.33542,0.637133
436,0.037834,k2,0.04641588833612779,0.01,0.005460690015080426,5.33542,0.637133
437,0.037834,k2,0.04641588833612779,0.01,0.005460690015080426,5.33542,0.637133
438,0.037834,k2,0.04641588833612779,0.01,0.005460690015080426,5.33542,0.637133
439,0.037834,k2,0.04641588833612779,0.01,0.005460690015080426,5.33542,0.637133
440,0.0240143,k2,0.1,0.015312000000000001,0.011764700000000001,7.54165,2.57361
441,0.0240143,k2,0.1,0.015312000000000001,0.011764700000000001,7.54165,2.57361
442,0.0240143,k2,0.1,0.015312000000000001,0.011764700000000001,7.54165,2.57361
443,0.0240143,k2,0.1,0.015312000000000001,0.011764700000000001,7.54165,2.57361
444,0.0240143,k2,0.1,0.015312000000000001,0.011764700000000001,7.54165,2.57361
445,0.0240143,k2,0.1,0.015312000000000001,0.011764700000000001,7.54165,2.57361
446,0.0240143,k2,0.1,0.015312000000000001,0.011764700000000001,7.54165,2.57361
447,0.0240143,k2,0.1,0.015312000000000001,0.011764700000000001,7.54165,2.57361
448,0.0240143,k2,0.1,0.015312000000000001,0.011764700000000001,7.54165,2.57361
449,0.0240143,k2,0.1,0.015312000000000001,0.011764700000000001,7.54165,2.57361
450,0.012624799999999999,k2,0.2154434690031884,0.029055900000000003,0.025346277797818104,0.395043,0.189772
451,0.012624799999999999,k2,0.2154434690031884,0.029055900000000003,0.025346277797818104,0.395043,0.189772
452,0.012624799999999999,k2,0.2154434690031884,0.029055900000000003,0.025346277797818104,0.395043,0.189772
453,0.012624799999999999,k2,0.2154434690031884,0.029055900000000003,0.025346277797818104,0.395043,0.189772
454,0.012624799999999999,k2,0.2154434690031884,0.029055900000000003,0.025346277797818104,0.395043,0.189772
455,0.012624799999999999,k2,0.2154434690031884,0.029055900000000003,0.025346277797818104,0.395043,0.189772
456,0.012624799999999999,k2,0.2154434690031884,0.029055900000000003,0.025346277797818104,0.395043,0.189772
457,0.012624799999999999,k2,0.2154434690031884,0.029055900000000003,0.025346277797818104,0.395043,0.189772
458,0.012624799999999999,k2,0.2154434690031884,0.029055900000000003,0.025346277797818104,0.395043,0.189772
459,0.012624799999999999,k2,0.2154434690031884,0.029055900000000003,0.025346277797818104,0.395043,0.189772
460,0.00330407,k2,0.4641588833612779,0.05652719999999999,0.054606900150804265,0.220467,0.133231
461,0.00330407,k2,0.4641588833612779,0.05652719999999999,0.054606900150804265,0.220467,0.133231
462,0.00330407,k2,0.4641588833612779,0.05652719999999999,0.054606900150804265,0.220467,0.133231
463,0.00330407,k2,0.4641588833612779,0.05652719999999999,0.054606900150804265,0.220467,0.133231
464,0.00330407,k2,0.4641588833612779,0.05652719999999999,0.054606900150804265,0.220467,0.133231
465,0.00330407,k2,0.4641588833612779,0.05652719999999999,0.054606900150804265,0.220467,0.133231
466,0.00330407,k2,0.4641588833612779,0.05652719999999999,0.054606900150804265,0.220467,0.133231
467,0.00330407,k2,0.4641588833612779,0.05652719999999999,0.054606900150804265,0.220467,0.133231
468,0.00330407,k2,0.4641588833612779,0.05652719999999999,0.054606900150804265,0.220467,0.133231
469,0.00330407,k2,0.4641588833612779,0.05652719999999999,0.054606900150804265,0.220467,0.133231
470,2.24433e-11,k2,1.0,0.0999998,0.117647,0.111099,0.09998889999999999
471,2.24433e-11,k2,1.0,0.0999998,0.117647,0.111099,0.09998889999999999
472,2.24433e-11,k2,1.0,0.0999998,0.117647,0.111099,0.09998889999999999
473,2.24433e-11,k2,1.0,0.0999998,0.117647,0.111099,0.09998889999999999
474,2.24433e-11,k2,1.0,0.0999998,0.117647,0.111099,0.09998889999999999
475,2.24433e-11,k2,1.0,0.0999998,0.117647,0.111099,0.09998889999999999
476,2.24433e-11,k2,1.0,0.0999998,0.117647,0.111099,0.09998889999999999
477,2.24433e-11,k2,1.0,0.0999998,0.117647,0.111099,0.09998889999999999
478,2.24433e-11,k2,1.0,0.0999998,0.117647,0.111099,0.09998889999999999
479,2.24433e-11,k2,1.0,0.0999998,0.117647,0.111099,0.09998889999999999
480,0.00148252,k2,2.154434690031884,0.191692,0.25346277797818106,0.05794780000000001,0.0720317
481,0.00148252,k2,2.154434690031884,0.191692,0.25346277797818106,0.05794780000000001,0.0720317
482,0.00148252,k2,2.154434690031884,0.191692,0.25346277797818106,0.05794780000000001,0.0720317
483,0.00148252,k2,2.154434690031884,0.191692,0.25346277797818106,0.05794780000000001,0.0720317
484,0.00148252,k2,2.154434690031884,0.191692,0.25346277797818106,0.05794780000000001,0.0720317
485,0.00148252,k2,2.154434690031884,0.191692,0.25346277797818106,0.05794780000000001,0.0720317
486,0.00148252,k2,2.154434690031884,0.191692,0.25346277797818106,0.05794780000000001,0.0720317
487,0.00148252,k2,2.154434690031884,0.191692,0.25346277797818106,0.05794780000000001,0.0720317
488,0.00148252,k2,2.154434690031884,0.191692,0.25346277797818106,0.05794780000000001,0.0720317
489,0.00148252,k2,2.154434690031884,0.191692,0.25346277797818106,0.05794780000000001,0.0720317
490,0.00208898,k2,4.6415888336127775,0.495516,0.5460690015080425,0.0763807,0.0718461
491,0.00208898,k2,4.6415888336127775,0.495516,0.5460690015080425,0.0763807,0.0718461
492,0.00208898,k2,4.6415888336127775,0.495516,0.5460690015080425,0.0763807,0.0718461
493,0.00208898,k2,4.6415888336127775,0.495516,0.5460690015080425,0.0763807,0.0718461
494,0.00208898,k2,4.6415888336127775,0.495516,0.5460690015080425,0.0763807,0.0718461
495,0.00208898,k2,4.6415888336127775,0.495516,0.5460690015080425,0.0763807,0.0718461
496,0.00208898,k2,4.6415888336127775,0.495516,0.5460690015080425,0.0763807,0.0718461
497,0.00208898,k2,4.6415888336127775,0.495516,0.5460690015080425,0.0763807,0.0718461
498,0.00208898,k2,4.6415888336127775,0.495516,0.5460690015080425,0.0763807,0.0718461
499,0.00208898,k2,4.6415888336127775,0.495516,0.5460690015080425,0.0763807,0.0718461
500,0.00199162,k2,10.000000000000002,1.04669,1.1764700000000001,0.07080349999999999,0.06895230000000001
501,0.00199162,k2,10.000000000000002,1.04669,1.1764700000000001,0.07080349999999999,0.06895230000000001
502,0.00199162,k2,10.000000000000002,1.04669,1.1764700000000001,0.07080349999999999,0.06895230000000001
503,0.00199162,k2,10.000000000000002,1.04669,1.1764700000000001,0.07080349999999999,0.06895230000000001
504,0.00199162,k2,10.000000000000002,1.04669,1.1764700000000001,0.07080349999999999,0.06895230000000001
505,0.00199162,k2,10.000000000000002,1.04669,1.1764700000000001,0.07080349999999999,0.06895230000000001
506,0.00199162,k2,10.000000000000002,1.04669,1.1764700000000001,0.07080349999999999,0.06895230000000001
507,0.00199162,k2,10.000000000000002,1.04669,1.1764700000000001,0.07080349999999999,0.06895230000000001
508,0.00199162,k2,10.000000000000002,1.04669,1.1764700000000001,0.07080349999999999,0.06895230000000001
509,0.00199162,k2,10.000000000000002,1.04669,1.1764700000000001,0.07080349999999999,0.06895230000000001
510,0.00194578,k2,21.544346900318832,2.22837,2.5346277797818098,0.0676862,0.06726289999999999
511,0.00194578,k2,21.544346900318832,2.22837,2.5346277797818098,0.0676862,0.06726289999999999
512,0.00194578,k2,21.544346900318832,2.22837,2.5346277797818098,0.0676862,0.06726289999999999
513,0.00194578,k2,21.544346900318832,2.22837,2.5346277797818098,0.0676862,0.06726289999999999
514,0.00194578,k2,21.544346900318832,2.22837,2.5346277797818098,0.0676862,0.06726289999999999
515,0.00194578,k2,21.544346900318832,2.22837,2.5346277797818098,0.0676862,0.06726289999999999
516,0.00194578,k2,21.544346900318832,2.22837,2.5346277797818098,0.0676862,0.06726289999999999
517,0.00194578,k2,21.544346900318832,2.22837,2.5346277797818098,0.0676862,0.06726289999999999
518,0.00194578,k2,21.544346900318832,2.22837,2.5346277797818098,0.0676862,0.06726289999999999
519,0.00194578,k2,21.544346900318832,2.22837,2.5346277797818098,0.0676862,0.06726289999999999
520,0.001927,k2,46.4158883361278,4.77586,5.460690015080427,0.0663565,0.06652319999999999
521,0.001927,k2,46.4158883361278,4.77586,5.460690015080427,0.0663565,0.06652319999999999
522,0.001927,k2,46.4158883361278,4.77586,5.460690015080427,0.0663565,0.06652319999999999
523,0.001927,k2,46.4158883361278,4.77586,5.460690015080427,0.0663565,0.06652319999999999
524,0.001927,k2,46.4158883361278,4.77586,5.460690015080427,0.0663565,0.06652319999999999
525,0.001927,k2,46.4158883361278,4.77586,5.460690015080427,0.0663565,0.06652319999999999
526,0.001927,k2,46.4158883361278,4.77586,5.460690015080427,0.0663565,0.06652319999999999
527,0.001927,k2,46.4158883361278,4.77586,5.460690015080427,0.0663565,0.06652319999999999
528,0.001927,k2,46.4158883361278,4.77586,5.460690015080427,0.0663565,0.06652319999999999
529,0.001927,k2,46.4158883361278,4.77586,5.460690015080427,0.0663565,0.06652319999999999
530,0.0027833000000000003,k2,100.0,4.72772,11.7647,0.0107466,0.035996
531,0.0027833000000000003,k2,100.0,4.72772,11.7647,0.0107466,0.035996
532,0.0027833000000000003,k2,100.0,4.72772,11.7647,0.0107466,0.035996
533,0.0027833000000000003,k2,100.0,4.72772,11.7647,0.0107466,0.035996
534,0.0027833000000000003,k2,100.0,4.72772,11.7647,0.0107466,0.035996
535,0.0027833000000000003,k2,100.0,4.72772,11.7647,0.0107466,0.035996
536,0.0027833000000000003,k2,100.0,4.72772,11.7647,0.0107466,0.035996
537,0.0027833000000000003,k2,100.0,4.72772,11.7647,0.0107466,0.035996
538,0.0027833000000000003,k2,100.0,4.72772,11.7647,0.0107466,0.035996
539,0.0027833000000000003,k2,100.0,4.72772,11.7647,0.0107466,0.035996
540,0.00279184,k2,215.44346900318845,9.71585,25.34627779781811,0.01,0.0355749
541,0.00279184,k2,215.44346900318845,9.71585,25.34627779781811,0.01,0.0355749
542,0.00279184,k2,215.44346900318845,9.71585,25.34627779781811,0.01,0.0355749
543,0.00279184,k2,215.44346900318845,9.71585,25.34627779781811,0.01,0.0355749
544,0.00279184,k2,215.44346900318845,9.71585,25.34627779781811,0.01,0.0355749
545,0.00279184,k2,215.44346900318845,9.71585,25.34627779781811,0.01,0.0355749
546,0.00279184,k2,215.44346900318845,9.71585,25.34627779781811,0.01,0.0355749
547,0.00279184,k2,215.44346900318845,9.71585,25.34627779781811,0.01,0.0355749
548,0.00279184,k2,215.44346900318845,9.71585,25.34627779781811,0.01,0.0355749
549,0.00279184,k2,215.44346900318845,9.71585,25.34627779781811,0.01,0.0355749
550,0.00277925,k2,464.15888336127773,21.035,54.60690015080424,0.01,0.035420099999999996
551,0.00277925,k2,464.15888336127773,21.035,54.60690015080424,0.01,0.035420099999999996
552,0.00277925,k2,464.15888336127773,21.035,54.60690015080424,0.01,0.035420099999999996
553,0.00277925,k2,464.15888336127773,21.035,54.60690015080424,0.01,0.035420099999999996
554,0.00277925,k2,464.15888336127773,21.035,54.60690015080424,0.01,0.035420099999999996
555,0.00277925,k2,464.15888336127773,21.035,54.60690015080424,0.01,0.035420099999999996
556,0.00277925,k2,464.15888336127773,21.035,54.60690015080424,0.01,0.035420099999999996
557,0.00277925,k2,464.15888336127773,21.035,54.60690015080424,0.01,0.035420099999999996
558,0.00277925,k2,464.15888336127773,21.035,54.60690015080424,0.01,0.035420099999999996
559,0.00277925,k2,464.15888336127773,21.035,54.60690015080424,0.01,0.035420099999999996
560,0.00284112,k2,1000.0,42.0127,117.647,0.01,0.0382358
561,0.00284112,k2,1000.0,42.0127,117.647,0.01,0.0382358
562,0.00284112,k2,1000.0,42.0127,117.647,0.01,0.0382358
563,0.00284112,k2,1000.0,42.0127,117.647,0.01,0.0382358
564,0.00284112,k2,1000.0,42.0127,117.647,0.01,0.0382358
565,0.00284112,k2,1000.0,42.0127,117.647,0.01,0.0382358
566,0.00284112,k2,1000.0,42.0127,117.647,0.01,0.0382358
567,0.00284112,k2,1000.0,42.0127,117.647,0.01,0.0382358
568,0.00284112,k2,1000.0,42.0127,117.647,0.01,0.0382358
569,0.00284112,k2,1000.0,42.0127,117.647,0.01,0.0382358
570,0.241249,k3,0.001,0.224794,0.118626,0.000111099,0.027188499999999997
571,0.241249,k3,0.001,0.224794,0.118626,0.000111099,0.027188499999999997
572,0.241249,k3,0.001,0.224794,0.118626,0.000111099,0.027188499999999997
573,0.241249,k3,0.001,0.224794,0.118626,0.000111099,0.027188499999999997
574,0.241249,k3,0.001,0.224794,0.118626,0.000111099,0.027188499999999997
575,0.241249,k3,0.001,0.224794,0.118626,0.000111099,0.027188499999999997
576,0.241249,k3,0.001,0.224794,0.118626,0.000111099,0.027188499999999997
577,0.241249,k3,0.001,0.224794,0.118626,0.000111099,0.027188499999999997
578,0.241249,k3,0.001,0.224794,0.118626,0.000111099,0.027188499999999997
579,0.241249,k3,0.001,0.224794,0.118626,0.000111099,0.027188499999999997
580,0.19043800000000002,k3,0.0021544346900318843,0.0414719,0.22518400000000002,0.00023935553962785232,0.0416594
581,0.19043800000000002,k3,0.0021544346900318843,0.0414719,0.22518400000000002,0.00023935553962785232,0.0416594
582,0.19043800000000002,k3,0.0021544346900318843,0.0414719,0.22518400000000002,0.00023935553962785232,0.0416594
583,0.19043800000000002,k3,0.0021544346900318843,0.0414719,0.22518400000000002,0.00023935553962785232,0.0416594
584,0.19043800000000002,k3,0.0021544346900318843,0.0414719,0.22518400000000002,0.00023935553962785232,0.0416594
585,0.19043800000000002,k3,0.0021544346900318843,0.0414719,0.22518400000000002,0.00023935553962785232,0.0416594
586,0.19043800000000002,k3,0.0021544346900318843,0.0414719,0.22518400000000002,0.00023935553962785232,0.0416594
587,0.19043800000000002,k3,0.0021544346900318843,0.0414719,0.22518400000000002,0.00023935553962785232,0.0416594
588,0.19043800000000002,k3,0.0021544346900318843,0.0414719,0.22518400000000002,0.00023935553962785232,0.0416594
589,0.19043800000000002,k3,0.0021544346900318843,0.0414719,0.22518400000000002,0.00023935553962785232,0.0416594
590,0.0018567999999999998,k3,0.004641588833612777,0.11331199999999998,4.38236,0.0005156758778255459,0.0315101
591,0.0018567999999999998,k3,0.004641588833612777,0.11331199999999998,4.38236,0.0005156758778255459,0.0315101
592,0.0018567999999999998,k3,0.004641588833612777,0.11331199999999998,4.38236,0.0005156758778255459,0.0315101
593,0.0018567999999999998,k3,0.004641588833612777,0.11331199999999998,4.38236,0.0005156758778255459,0.0315101
594,0.0018567999999999998,k3,0.004641588833612777,0.11331199999999998,4.38236,0.0005156758778255459,0.0315101
595,0.0018567999999999998,k3,0.004641588833612777,0.11331199999999998,4.38236,0.0005156758778255459,0.0315101
596,0.0018567999999999998,k3,0.004641588833612777,0.11331199999999998,4.38236,0.0005156758778255459,0.0315101
597,0.0018567999999999998,k3,0.004641588833612777,0.11331199999999998,4.38236,0.0005156758778255459,0.0315101
598,0.0018567999999999998,k3,0.004641588833612777,0.11331199999999998,4.38236,0.0005156758778255459,0.0315101
599,0.0018567999999999998,k3,0.004641588833612777,0.11331199999999998,4.38236,0.0005156758778255459,0.0315101
600,0.020697099999999996,k3,0.01,0.0261567,0.286009,0.00111099,0.027828
601,0.020697099999999996,k3,0.01,0.0261567,0.286009,0.00111099,0.027828
602,0.020697099999999996,k3,0.01,0.0261567,0.286009,0.00111099,0.027828
603,0.020697099999999996,k3,0.01,0.0261567,0.286009,0.00111099,0.027828
604,0.020697099999999996,k3,0.01,0.0261567,0.286009,0.00111099,0.027828
605,0.020697099999999996,k3,0.01,0.0261567,0.286009,0.00111099,0.027828
606,0.020697099999999996,k3,0.01,0.0261567,0.286009,0.00111099,0.027828
607,0.020697099999999996,k3,0.01,0.0261567,0.286009,0.00111099,0.027828
608,0.020697099999999996,k3,0.01,0.0261567,0.286009,0.00111099,0.027828
609,0.020697099999999996,k3,0.01,0.0261567,0.286009,0.00111099,0.027828
610,0.00861012,k3,0.021544346900318832,0.0668747,0.27382199999999995,0.002393555396278522,0.0190699
611,0.00861012,k3,0.021544346900318832,0.0668747,0.27382199999999995,0.002393555396278522,0.0190699
612,0.00861012,k3,0.021544346900318832,0.0668747,0.27382199999999995,0.002393555396278522,0.0190699
613,0.00861012,k3,0.021544346900318832,0.0668747,0.27382199999999995,0.002393555396278522,0.0190699
614,0.00861012,k3,0.021544346900318832,0.0668747,0.27382199999999995,0.002393555396278522,0.0190699
615,0.00861012,k3,0.021544346900318832,0.0668747,0.27382199999999995,0.002393555396278522,0.0190699
616,0.00861012,k3,0.021544346900318832,0.0668747,0.27382199999999995,0.002393555396278522,0.0190699
617,0.00861012,k3,0.021544346900318832,0.0668747,0.27382199999999995,0.002393555396278522,0.0190699
618,0.00861012,k3,0.021544346900318832,0.0668747,0.27382199999999995,0.002393555396278522,0.0190699
619,0.00861012,k3,0.021544346900318832,0.0668747,0.27382199999999995,0.002393555396278522,0.0190699
620,0.00193378,k3,0.046415888336127795,0.12628499999999998,0.668054,0.005156758778255462,0.0383074
621,0.00193378,k3,0.046415888336127795,0.12628499999999998,0.668054,0.005156758778255462,0.0383074
622,0.00193378,k3,0.046415888336127795,0.12628499999999998,0.668054,0.005156758778255462,0.0383074
623,0.00193378,k3,0.046415888336127795,0.12628499999999998,0.668054,0.005156758778255462,0.0383074
624,0.00193378,k3,0.046415888336127795,0.12628499999999998,0.668054,0.005156758778255462,0.0383074
625,0.00193378,k3,0.046415888336127795,0.12628499999999998,0.668054,0.005156758778255462,0.0383074
626,0.00193378,k3,0.046415888336127795,0.12628499999999998,0.668054,0.005156758778255462,0.0383074
627,0.00193378,k3,0.046415888336127795,0.12628499999999998,0.668054,0.005156758778255462,0.0383074
628,0.00193378,k3,0.046415888336127795,0.12628499999999998,0.668054,0.005156758778255462,0.0383074
629,0.00193378,k3,0.046415888336127795,0.12628499999999998,0.668054,0.005156758778255462,0.0383074
630,0.00146731,k3,0.1,0.11215499999999999,0.30139299999999997,0.0111099,0.0373987
631,0.00146731,k3,0.1,0.11215499999999999,0.30139299999999997,0.0111099,0.0373987
632,0.00146731,k3,0.1,0.11215499999999999,0.30139299999999997,0.0111099,0.0373987
633,0.00146731,k3,0.1,0.11215499999999999,0.30139299999999997,0.0111099,0.0373987
634,0.00146731,k3,0.1,0.11215499999999999,0.30139299999999997,0.0111099,0.0373987
635,0.00146731,k3,0.1,0.11215499999999999,0.30139299999999997,0.0111099,0.0373987
636,0.00146731,k3,0.1,0.11215499999999999,0.30139299999999997,0.0111099,0.0373987
637,0.00146731,k3,0.1,0.11215499999999999,0.30139299999999997,0.0111099,0.0373987
638,0.00146731,k3,0.1,0.11215499999999999,0.30139299999999997,0.0111099,0.0373987
639,0.00146731,k3,0.1,0.11215499999999999,0.30139299999999997,0.0111099,0.0373987
640,0.00104721,k3,0.2154434690031884,0.10959100000000001,0.18849100000000002,0.02393555396278523,0.043798000000000004
641,0.00104721,k3,0.2154434690031884,0.10959100000000001,0.18849100000000002,0.02393555396278523,0.043798000000000004
642,0.00104721,k3,0.2154434690031884,0.10959100000000001,0.18849100000000002,0.02393555396278523,0.043798000000000004
643,0.00104721,k3,0.2154434690031884,0.10959100000000001,0.18849100000000002,0.02393555396278523,0.043798000000000004
644,0.00104721,k3,0.2154434690031884,0.10959100000000001,0.18849100000000002,0.02393555396278523,0.043798000000000004
645,0.00104721,k3,0.2154434690031884,0.10959100000000001,0.18849100000000002,0.02393555396278523,0.043798000000000004
646,0.00104721,k3,0.2154434690031884,0.10959100000000001,0.18849100000000002,0.02393555396278523,0.043798000000000004
647,0.00104721,k3,0.2154434690031884,0.10959100000000001,0.18849100000000002,0.02393555396278523,0.043798000000000004
648,0.00104721,k3,0.2154434690031884,0.10959100000000001,0.18849100000000002,0.02393555396278523,0.043798000000000004
649,0.00104721,k3,0.2154434690031884,0.10959100000000001,0.18849100000000002,0.02393555396278523,0.043798000000000004
650,0.00041315199999999996,k3,0.4641588833612779,0.10645999999999999,0.141291,0.051567587782554616,0.061036400000000005
651,0.00041315199999999996,k3,0.4641588833612779,0.10645999999999999,0.141291,0.051567587782554616,0.061036400000000005
652,0.00041315199999999996,k3,0.4641588833612779,0.10645999999999999,0.141291,0.051567587782554616,0.061036400000000005
653,0.00041315199999999996,k3,0.4641588833612779,0.10645999999999999,0.141291,0.051567587782554616,0.061036400000000005
654,0.00041315199999999996,k3,0.4641588833612779,0.10645999999999999,0.141291,0.051567587782554616,0.061036400000000005
655,0.00041315199999999996,k3,0.4641588833612779,0.10645999999999999,0.141291,0.051567587782554616,0.061036400000000005
656,0.00041315199999999996,k3,0.4641588833612779,0.10645999999999999,0.141291,0.051567587782554616,0.061036400000000005
657,0.00041315199999999996,k3,0.4641588833612779,0.10645999999999999,0.141291,0.051567587782554616,0.061036400000000005
658,0.00041315199999999996,k3,0.4641588833612779,0.10645999999999999,0.141291,0.051567587782554616,0.061036400000000005
659,0.00041315199999999996,k3,0.4641588833612779,0.10645999999999999,0.141291,0.051567587782554616,0.061036400000000005
660,2.24433e-11,k3,1.0,0.0999998,0.117647,0.111099,0.09998889999999999
661,2.24433e-11,k3,1.0,0.0999998,0.117647,0.111099,0.09998889999999999
662,2.24433e-11,k3,1.0,0.0999998,0.117647,0.111099,0.09998889999999999
663,2.24433e-11,k3,1.0,0.0999998,0.117647,0.111099,0.09998889999999999
664,2.24433e-11,k3,1.0,0.0999998,0.117647,0.111099,0.09998889999999999
665,2.24433e-11,k3,1.0,0.0999998,0.117647,0.111099,0.09998889999999999
666,2.24433e-11,k3,1.0,0.0999998,0.117647,0.111099,0.09998889999999999
667,2.24433e-11,k3,1.0,0.0999998,0.117647,0.111099,0.09998889999999999
668,2.24433e-11,k3,1.0,0.0999998,0.117647,0.111099,0.09998889999999999
669,2.24433e-11,k3,1.0,0.0999998,0.117647,0.111099,0.09998889999999999
670,0.0005004019999999999,k3,2.154434690031884,0.0934117,0.104343,0.23935553962785228,0.18515299999999998
671,0.0005004019999999999,k3,2.154434690031884,0.0934117,0.104343,0.23935553962785228,0.18515299999999998
672,0.0005004019999999999,k3,2.154434690031884,0.0934117,0.104343,0.23935553962785228,0.18515299999999998
673,0.0005004019999999999,k3,2.154434690031884,0.0934117,0.104343,0.23935553962785228,0.18515299999999998
674,0.0005004019999999999,k3,2.154434690031884,0.0934117,0.104343,0.23935553962785228,0.18515299999999998
675,0.0005004019999999999,k3,2.154434690031884,0.0934117,0.104343,0.23935553962785228,0.18515299999999998
676,0.0005004019999999999,k3,2.154434690031884,0.0934117,0.104343,0.23935553962785228,0.18515299999999998
677,0.0005004019999999999,k3,2.154434690031884,0.0934117,0.104343,0.23935553962785228,0.18515299999999998
678,0.0005004019999999999,k3,2.154434690031884,0.0934117,0.104343,0.23935553962785228,0.18515299999999998
679,0.0005004019999999999,k3,2.154434690031884,0.0934117,0.104343,0.23935553962785228,0.18515299999999998
680,0.00155526,k3,4.641588833612779,0.0865598,0.10304,0.5156758778255461,0.461579
681,0.00155526,k3,4.641588833612779,0.0865598,0.10304,0.5156758778255461,0.461579
682,0.00155526,k3,4.641588833612779,0.0865598,0.10304,0.5156758778255461,0.461579
683,0.00155526,k3,4.641588833612779,0.0865598,0.10304,0.5156758778255461,0.461579
684,0.00155526,k3,4.641588833612779,0.0865598,0.10304,0.5156758778255461,0.461579
685,0.00155526,k3,4.641588833612779,0.0865598,0.10304,0.5156758778255461,0.461579
686,0.00155526,k3,4.641588833612779,0.0865598,0.10304,0.5156758778255461,0.461579
687,0.00155526,k3,4.641588833612779,0.0865598,0.10304,0.5156758778255461,0.461579
688,0.00155526,k3,4.641588833612779,0.0865598,0.10304,0.5156758778255461,0.461579
689,0.00155526,k3,4.641588833612779,0.0865598,0.10304,0.5156758778255461,0.461579
690,0.0019816,k3,10.000000000000002,0.0918117,0.0991593,1.1109900000000001,0.819984
691,0.0019816,k3,10.000000000000002,0.0918117,0.0991593,1.1109900000000001,0.819984
692,0.0019816,k3,10.000000000000002,0.0918117,0.0991593,1.1109900000000001,0.819984
693,0.0019816,k3,10.000000000000002,0.0918117,0.0991593,1.1109900000000001,0.819984
694,0.0019816,k3,10.000000000000002,0.0918117,0.0991593,1.1109900000000001,0.819984
695,0.0019816,k3,10.000000000000002,0.0918117,0.0991593,1.1109900000000001,0.819984
696,0.0019816,k3,10.000000000000002,0.0918117,0.0991593,1.1109900000000001,0.819984
697,0.0019816,k3,10.000000000000002,0.0918117,0.0991593,1.1109900000000001,0.819984
698,0.0019816,k3,10.000000000000002,0.0918117,0.0991593,1.1109900000000001,0.819984
699,0.0019816,k3,10.000000000000002,0.0918117,0.0991593,1.1109900000000001,0.819984
700,0.00217657,k3,21.544346900318832,0.0926949,0.101636,2.393555396278522,1.86591
701,0.00217657,k3,21.544346900318832,0.0926949,0.101636,2.393555396278522,1.86591
702,0.00217657,k3,21.544346900318832,0.0926949,0.101636,2.393555396278522,1.86591
703,0.00217657,k3,21.544346900318832,0.0926949,0.101636,2.393555396278522,1.86591
704,0.00217657,k3,21.544346900318832,0.0926949,0.101636,2.393555396278522,1.86591
705,0.00217657,k3,21.544346900318832,0.0926949,0.101636,2.393555396278522,1.86591
706,0.00217657,k3,21.544346900318832,0.0926949,0.101636,2.393555396278522,1.86591
707,0.00217657,k3,21.544346900318832,0.0926949,0.101636,2.393555396278522,1.86591
708,0.00217657,k3,21.544346900318832,0.0926949,0.101636,2.393555396278522,1.86591
709,0.00217657,k3,21.544346900318832,0.0926949,0.101636,2.393555396278522,1.86591
710,0.0040491,k3,46.4158883361278,1.10276,1.0612,5.156758778255463,3.49411
711,0.0040491,k3,46.4158883361278,1.10276,1.0612,5.156758778255463,3.49411
712,0.0040491,k3,46.4158883361278,1.10276,1.0612,5.156758778255463,3.49411
713,0.0040491,k3,46.4158883361278,1.10276,1.0612,5.156758778255463,3.49411
714,0.0040491,k3,46.4158883361278,1.10276,1.0612,5.156758778255463,3.49411
715,0.0040491,k3,46.4158883361278,1.10276,1.0612,5.156758778255463,3.49411
716,0.0040491,k3,46.4158883361278,1.10276,1.0612,5.156758778255463,3.49411
717,0.0040491,k3,46.4158883361278,1.10276,1.0612,5.156758778255463,3.49411
718,0.0040491,k3,46.4158883361278,1.10276,1.0612,5.156758778255463,3.49411
719,0.0040491,k3,46.4158883361278,1.10276,1.0612,5.156758778255463,3.49411
720,0.00228541,k3,100.0,0.0964158,0.10070599999999999,11.1099,7.66405
721,0.00228541,k3,100.0,0.0964158,0.10070599999999999,11.1099,7.66405
722,0.00228541,k3,100.0,0.0964158,0.10070599999999999,11.1099,7.66405
723,0.00228541,k3,100.0,0.0964158,0.10070599999999999,11.1099,7.66405
724,0.00228541,k3,100.0,0.0964158,0.10070599999999999,11.1099,7.66405
725,0.00228541,k3,100.0,0.0964158,0.10070599999999999,11.1099,7.66405
726,0.00228541,k3,100.0,0.0964158,0.10070599999999999,11.1099,7.66405
727,0.00228541,k3,100.0,0.0964158,0.10070599999999999,11.1099,7.66405
728,0.00228541,k3,100.0,0.0964158,0.10070599999999999,11.1099,7.66405
729,0.00228541,k3,100.0,0.0964158,0.10070599999999999,11.1099,7.66405
730,0.00404815,k3,215.44346900318845,0.6866869999999999,0.659764,23.935553962785235,16.1336
731,0.00404815,k3,215.44346900318845,0.6866869999999999,0.659764,23.935553962785235,16.1336
732,0.00404815,k3,215.44346900318845,0.6866869999999999,0.659764,23.935553962785235,16.1336
733,0.00404815,k3,215.44346900318845,0.6866869999999999,0.659764,23.935553962785235,16.1336
734,0.00404815,k3,215.44346900318845,0.6866869999999999,0.659764,23.935553962785235,16.1336
735,0.00404815,k3,215.44346900318845,0.6866869999999999,0.659764,23.935553962785235,16.1336
736,0.00404815,k3,215.44346900318845,0.6866869999999999,0.659764,23.935553962785235,16.1336
737,0.00404815,k3,215.44346900318845,0.6866869999999999,0.659764,23.935553962785235,16.1336
738,0.00404815,k3,215.44346900318845,0.6866869999999999,0.659764,23.935553962785235,16.1336
739,0.00404815,k3,215.44346900318845,0.6866869999999999,0.659764,23.935553962785235,16.1336
740,0.014405000000000001,k3,464.15888336127773,0.145472,0.0860988,51.5675877825546,0.416013
741,0.014405000000000001,k3,464.15888336127773,0.145472,0.0860988,51.5675877825546,0.416013
742,0.014405000000000001,k3,464.15888336127773,0.145472,0.0860988,51.5675877825546,0.416013
743,0.014405000000000001,k3,464.15888336127773,0.145472,0.0860988,51.5675877825546,0.416013
744,0.014405000000000001,k3,464.15888336127773,0.145472,0.0860988,51.5675877825546,0.416013
745,0.014405000000000001,k3,464.15888336127773,0.145472,0.0860988,51.5675877825546,0.416013
746,0.014405000000000001,k3,464.15888336127773,0.145472,0.0860988,51.5675877825546,0.416013
747,0.014405000000000001,k3,464.15888336127773,0.145472,0.0860988,51.5675877825546,0.416013
748,0.014405000000000001,k3,464.15888336127773,0.145472,0.0860988,51.5675877825546,0.416013
749,0.014405000000000001,k3,464.15888336127773,0.145472,0.0860988,51.5675877825546,0.416013
750,0.00405084,k3,1000.0,44.7595,43.4343,111.099,75.7738
751,0.00405084,k3,1000.0,44.7595,43.4343,111.099,75.7738
752,0.00405084,k3,1000.0,44.7595,43.4343,111.099,75.7738
753,0.00405084,k3,1000.0,44.7595,43.4343,111.099,75.7738
754,0.00405084,k3,1000.0,44.7595,43.4343,111.099,75.7738
755,0.00405084,k3,1000.0,44.7595,43.4343,111.099,75.7738
756,0.00405084,k3,1000.0,44.7595,43.4343,111.099,75.7738
757,0.00405084,k3,1000.0,44.7595,43.4343,111.099,75.7738
758,0.00405084,k3,1000.0,44.7595,43.4343,111.099,75.7738
759,0.00405084,k3,1000.0,44.7595,43.4343,111.099,75.7738
