,RSS,AAB,InsulinB,PI3K_T_MCF7,PI3K_T_ZR751,RICTOR_T_MCF7,RICTOR_T_ZR751,RPTOR_T_MCF7,RPTOR_T_ZR751,kAktByTor2Dephos,kAktByTor2Phos,kAktDephos,kAktPhos_kcat,kFourEBP1Dephos,kFourEBP1Phos,kIRS1Act,kIRS1Inact,kIRS1Phos,kPI3KDephos,kPI3KPhos,kPras40Dephos,kPras40Phos,kRAS,kS6KDephos,kS6KPhos,kTSC2Dephos,kTSC2Phos,kTSC2PhosBoost,kmTORC1Dephos,kmTORC1LysToCyt,kmTORC1Phos,kmTORC1_Dis,kmTORC1cytToLys,kmTORC2Dephos,kmTORC2DephosByS6K,kmTORC2_Dis,kmTOR_RIC_Comb,kmTOR_RPT_Comb,mTOR_T_MCF7,mTOR_T_ZR751
0,1.99075,0.12584,0.0391355,53.1156,50.2848,36.9524,38.2571,78.1116,65.7639,75.2,76.0838,0.0227482,0.0184666,98.4192,34.2256,62.507,3.35635,100.0,30.3999,0.0145738,0.01,0.193406,98.4,100.0,12.2674,0.399445,0.0107757,100.0,100.0,72.19800000000002,12.9726,0.198223,100.0,0.0119567,100.0,1.34033,1.23229,100.0,33.6258,22.8635
1,2.00856,0.0115074,0.60595,73.7514,71.1335,41.3473,35.5498,22.1454,14.7335,0.772345,0.01,0.0198032,0.01,98.56,95.392,5.00068,23.8426,100.0,45.6539,0.01,0.01,0.434663,12.2948,25.8329,12.0371,0.0685872,0.059477,100.0,99.648,0.906049,6.78866,3.05925,94.656,100.0,0.010123899999999998,99.9808,74.3377,97.6322,100.0,78.7488
2,2.02618,0.050505,0.026360400000000003,28.249,26.0691,35.7375,27.3922,29.6511,15.1715,89.45,0.0141058,0.106169,0.010001799999999998,32.9507,15.1256,69.06,2.43412,65.24,14.5694,0.01,0.01,1.80329,100.0,94.0508,18.1059,99.9987,0.0107416,49.6548,22.1628,45.7831,67.0874,4.71776,99.9571,0.0100488,52.4667,0.582159,99.6229,0.0328942,53.0671,53.4837
3,2.0265299999999997,0.07212719999999999,0.0289295,28.4336,26.3263,16.4594,11.9138,59.7713,58.6324,63.7671,1.12531,0.01,0.013456000000000001,10.6581,2.6677400000000002,38.8466,1.54785,94.5216,77.4464,0.0120926,0.01,0.416958,24.2442,86.6141,5.40381,74.5436,3.86004,2.24548,56.9992,15.1578,34.1096,0.8012779999999999,44.5261,0.013799,48.038000000000004,0.0186254,85.3515,27.93,21.9472,15.7278
4,2.02684,0.0102496,0.0126569,15.5719,14.3508,11.6009,7.6596600000000015,76.5738,14.2741,99.6992,9.9172,0.01,0.616129,21.656,9.96743,7.931539999999999,0.131824,3.3972900000000004,98.0574,0.0100729,0.01,0.0346081,41.5132,80.1632,14.9055,100.0,61.4456,1.48658,99.968,1.70115,55.6751,2.08283,99.8784,0.0106947,20.3144,0.010089,6.39626,0.01,34.3402,98.1489
5,2.0270900000000003,0.05823250000000001,0.01,15.6114,14.4148,15.8577,10.3969,52.3666,22.9503,3.82351,0.314353,0.0318414,0.01,49.4847,11.9414,40.0852,0.516604,15.3212,1.59915,0.01,0.01,0.106922,99.1117,26.8633,2.3631900000000003,100.0,50.5393,1.45478,43.9972,15.3882,28.8804,11.1199,100.0,0.0101056,46.9139,0.01,58.9071,0.08614989999999999,65.3962,100.0
6,2.02711,0.01,0.0225138,78.5192,72.7463,15.4461,10.8143,8.87274,5.89996,96.1739,2.91496,0.0124706,0.010000299999999998,29.4992,31.5555,96.7354,2.89309,96.4522,100.0,0.0381917,0.0100006,0.139729,24.4309,66.6972,24.7566,100.0,0.113959,1.94027,99.0502,3.37169,27.9594,0.226773,99.9993,0.0100005,21.9985,0.0100364,30.1639,0.01,31.7425,27.499
7,2.02725,0.010068,0.01,69.1126,63.7735,11.886,7.77347,2.48085,1.7333599999999998,100.0,11.1063,0.0117854,0.14165899999999998,17.2525,60.6765,13.2205,0.170071,5.17199,99.9899,0.0100014,0.01,0.040547900000000005,100.0,8.874830000000003,11.0182,99.9981,52.2372,1.46302,10.7758,0.882726,1.32873,1.13322,64.3406,0.0100006,48.5584,0.01,0.583829,63.9751,79.5843,28.7023
8,2.02745,0.017697,0.01,3.29464,3.04063,22.7489,13.7289,83.2672,72.3715,47.5208,4.32594,0.01,0.0215582,18.226,8.627460000000001,96.9158,1.24855,31.5435,35.6946,0.0252711,0.01,0.620689,87.4274,22.2414,4.2487900000000005,95.8512,99.84,1.38094,80.3556,4.62561,29.9203,2.31129,100.0,0.01,44.4736,0.01,98.2996,72.5977,29.8994,18.7637
9,2.02754,0.053146000000000006,0.01,40.7546,37.6277,37.0623,25.4931,4.96301,3.32424,95.4636,2.4947,0.019358,0.0155243,7.646619999999999,22.3657,24.7155,0.317364,7.2800699999999985,47.18,0.01,0.01,0.477623,82.5838,14.9469,18.1613,99.9238,100.0,1.52896,99.9956,15.4853,9.61601,0.0101334,67.3107,0.06617819999999999,25.4865,0.0110838,39.5604,42.1679,90.4,40.2318
10,2.0276400000000003,0.0128966,0.0100002,100.0,92.4026,19.2037,14.4676,22.1114,11.5186,1.50692,0.0300898,0.01,0.0100002,11.6436,12.4383,10.4083,0.133368,3.25027,99.9903,0.0667053,0.01,0.0490205,44.4809,16.5054,6.9599199999999986,53.8756,20.4163,1.95143,97.7675,0.010357600000000002,6.55651,4.15789,99.9919,0.0178361,9.31449,0.103628,99.4801,99.8156,35.6015,26.7602
11,2.0282,0.0240824,0.0627123,5.66259,5.23083,13.4844,8.34641,4.95947,3.50782,76.5793,0.5095069999999999,0.0543275,0.0990232,22.8179,86.6302,60.6651,5.50515,100.0,28.3584,0.01,0.01,0.8934489999999999,28.4876,4.5391,7.72695,100.0,99.9666,5.89041,68.0859,1.10244,5.2742,0.709559,19.3626,0.01,49.4737,0.01,10.6416,34.2099,35.0471,11.9102
12,2.02821,0.129509,0.036334,29.4838,27.2811,44.7108,22.9713,34.1674,18.0293,100.0,2.9947,0.0482018,0.014086,26.1187,36.6259,19.4969,0.962529,21.9921,100.0,0.05517,0.01,0.661333,82.1283,26.5491,14.7906,100.0,99.8282,2.32102,78.1014,1.30122,25.9759,20.6189,28.7765,0.0100192,76.8518,0.65037,1.16394,26.2461,15.6919,11.1287
13,2.02827,0.027266500000000003,0.0100001,13.5745,12.5316,8.444410000000001,5.40066,35.0393,15.2576,11.7262,2.03375,0.0444784,0.172648,78.5881,67.5294,68.4429,0.874526,17.2998,29.4886,0.0124486,0.01,0.147267,53.7325,30.5781,11.5384,99.9936,64.3881,1.43151,50.577,0.464936,4.12772,2.88546,32.2106,0.01,17.9676,0.01,24.5209,37.48,30.573,22.5321
14,2.02835,0.161142,0.05797330000000001,35.1696,32.45,15.4125,9.73943,13.2889,9.01494,25.3363,0.146575,0.175472,0.07454,6.05885,8.95086,56.0822,4.65944,81.0945,38.4505,0.0105426,0.01,0.8084680000000001,69.4604,90.3432,61.4562,100.0,46.7154,5.6219199999999985,89.064,65.8976,16.5016,4.62415,41.8479,0.01,99.9563,0.0107868,98.286,99.6112,66.904,21.0913
15,2.02847,0.150364,0.0294805,37.8455,34.9099,24.1105,10.8993,99.3367,8.728769999999999,100.0,4.78036,0.033802,0.0100009,10.1002,12.7065,16.455,0.649254,10.5056,19.049,0.0461631,0.01,0.122442,99.9952,26.8252,16.3358,100.0,39.9317,1.63406,73.9604,85.2276,20.4763,7.78403,53.7396,0.01,68.8025,0.5535909999999999,50.3632,45.4172,29.926,100.0
16,2.02852,0.0245505,0.0501906,25.9136,23.9262,21.254,17.0952,26.4894,20.8852,99.2009,0.469807,0.08301739999999999,0.01,3.94777,4.22374,34.7765,2.46095,51.8222,64.2378,0.0130898,0.01,4.9487,97.8873,12.2875,5.5254900000000005,100.0,92.7224,8.78098,82.2175,8.14114,10.1919,1.35395,100.0,0.01,100.0,1.6445299999999998,26.3641,17.8218,19.2075,13.1623
17,2.02863,0.010367,0.0539487,71.2504,65.7431,25.8764,33.6532,15.7732,12.1134,100.0,0.924341,0.0536664,0.0100008,18.4293,31.3684,45.8864,3.50895,60.9902,97.9046,0.114592,0.01,0.21068,54.8288,30.7245,23.8361,99.9997,0.5087430000000001,2.86415,36.4696,0.012867600000000002,2.09107,1.84278,49.2578,0.01,73.3898,0.270181,2.17543,99.9101,51.6471,26.6711
18,2.02873,0.01,0.01,11.4178,10.54,37.0179,18.9945,99.9968,14.5527,76.2973,3.05209,0.0252188,0.010178200000000002,50.4612,45.4659,35.5192,0.453905,7.701810000000001,85.6811,0.199692,0.01,0.30659000000000003,100.0,5.82544,2.47968,100.0,0.01,1.47417,56.6805,0.118135,4.8772,2.22651,61.4717,0.0100066,23.4247,0.201203,24.4865,24.1758,50.1521,77.1926
19,2.02911,0.226984,0.0306909,16.5595,15.2664,29.9502,51.5612,65.2691,61.9622,56.5987,7.53212,0.032614099999999986,0.01,26.0957,15.2893,59.0297,2.44584,42.7813,52.7938,0.024123,0.0100001,1.34386,100.0,84.8885,23.1206,99.9486,89.5175,1.82578,78.2816,76.2169,24.643,5.8438300000000005,13.9348,0.0100452,54.9756,1.2533299999999998,0.504495,54.1223,52.1394,34.736999999999995
20,2.0291900000000003,0.0849327,0.0479387,16.7056,15.5235,33.0363,22.757,17.1363,11.8203,29.8963,0.0769533,0.16502,0.277722,46.3822,28.107,55.2214,3.79629,80.0918,97.3783,0.0102095,0.01,1.07221,87.654,86.6224,26.1382,94.3936,30.8622,4.9085800000000015,100.0,25.1525,13.6167,7.56545,85.1182,0.592949,93.6373,0.014646700000000004,26.4591,96.9653,99.5713,55.2271
21,2.0292,0.0715079,0.0118492,38.0309,35.1721,50.3949,24.186,46.0442,7.70955,100.0,4.50626,0.102668,0.0104326,16.4911,47.647,86.8222,1.32748,61.025,65.9344,0.06604810000000001,0.312466,0.862251,99.9859,5.26433,4.28409,99.9872,14.188,1.42615,23.2194,11.604,42.0306,4.28753,36.1584,0.010032,94.126,0.176816,93.8304,8.91669,35.9708,22.6307
22,2.02937,0.0198566,0.01,20.3934,18.8819,15.9848,10.3007,31.0696,15.9801,25.0249,1.9905,0.0120575,0.0100206,9.64194,83.6678,7.93124,0.101752,2.90177,31.9339,0.0488577,0.0366287,0.121727,79.2721,25.7916,80.9681,55.6815,62.4272,1.50024,100.0,0.0100005,0.5948319999999999,6.2508599999999985,99.9999,0.010301799999999998,34.6848,0.0239993,0.05023,0.973524,46.668,57.7007
23,2.02977,0.0316067,0.08189,99.1858,91.4474,6.87466,3.8298,77.0473,10.5138,74.8476,0.422182,0.208824,0.07557539999999999,21.025,41.469,57.8508,7.16828,99.9675,99.1888,0.01,0.01,0.9000319999999999,39.0744,21.6378,21.0484,100.0,84.9652,14.4733,24.8583,0.0437652,3.2154700000000003,14.2953,99.7784,0.0100801,89.5397,0.0100251,98.3915,27.6821,19.1558,14.6673
24,2.0298700000000003,0.017961,0.0106818,22.8861,21.0278,51.2099,25.5755,24.079,13.3573,54.6732,4.6513800000000005,0.0295113,0.167568,21.8268,17.6096,40.2144,0.5480189999999999,20.2526,92.8155,0.0125389,0.01,0.186673,100.0,24.8663,6.07008,99.972,93.4572,1.30728,57.5485,0.0145745,68.9465,4.51335,85.1319,0.0100005,85.7235,0.454335,2.1480900000000003,1.2023700000000002,32.6076,19.1949
25,2.02989,0.199586,0.062423,7.74247,7.15577,47.5997,60.2129,9.68312,24.7035,8.26861,0.0109493,0.0353846,0.0100096,3.81825,99.808,3.704180000000001,0.337318,10.5618,0.961397,0.01,0.112373,0.14132999999999998,22.9658,8.87053,76.8264,99.904,51.5271,12.4869,22.8622,12.2265,11.7384,29.5984,26.192,0.01,58.7583,0.177093,15.2363,70.6657,28.0669,17.9684
26,2.03004,0.070733,0.0426022,36.9176,34.1534,17.5842,12.2126,83.6611,65.7387,48.3619,0.243749,0.179937,0.0190739,21.4519,31.3697,49.9808,2.94735,100.0,80.0,0.01,0.559377,6.52125,63.8109,26.2456,12.1399,100.0,86.6078,5.2679300000000016,100.0,0.0122369,2.9724,26.1048,99.9989,0.108204,100.0,0.163081,29.224,69.457,46.1483,32.4338
27,2.03016,0.192129,0.0211294,19.0393,17.3955,41.0502,29.8951,13.8299,11.7555,99.2003,0.949397,0.153271,0.020596700000000003,39.3281,80.818,60.7802,1.73677,90.4095,98.176,0.0154845,0.462837,8.58521,99.6835,66.906,36.5944,99.9616,74.1049,1.98826,100.0,48.5105,8.16344,72.0925,99.6235,0.0115746,99.8408,0.412214,5.93096,94.6105,94.7518,44.7894
28,2.03057,0.01,0.016007499999999997,18.782,17.3603,9.68191,7.700710000000001,46.9575,50.6768,100.0,0.687938,0.0162471,0.049800300000000006,99.8485,75.5275,94.9981,1.95486,31.2233,64.9633,0.0100051,0.01,0.31897600000000004,15.3201,36.1659,13.2333,98.4438,0.208045,4.7088199999999985,99.9898,1.44229,47.6519,2.25117,83.1262,0.0571362,2.29046,0.0564091,53.50899999999999,0.0100009,51.2149,33.5743
29,2.03147,0.0409357,0.0434311,41.0057,38.1687,88.5301,67.0765,34.0503,31.4732,27.5,0.038899800000000005,0.07325889999999999,0.01,100.0,97.1215,63.3532,3.91859,100.0,6.47869,0.01,0.143767,0.38836,83.6668,80.6143,33.3997,99.8009,100.0,8.07036,12.0249,32.1134,27.8712,2.77584,99.9993,0.014537799999999997,100.0,0.33447,10.4185,3.79158,45.021,31.3179
30,2.03248,0.01,0.0303454,23.9412,22.3047,52.497,56.8228,40.0822,57.3084,100.0,1.9433,0.0867743,0.0132413,6.79983,10.5747,81.75,3.41356,100.0,6.26411,0.0100103,0.21938600000000005,0.549867,99.262,89.3239,50.6333,77.8589,100.0,2.08886,52.1022,0.313992,27.59,2.71962,99.9997,0.0104026,97.2297,0.803628,100.0,18.4518,24.1265,16.7431
31,2.03342,0.07891360000000001,0.047016900000000014,36.3085,33.4744,5.37551,3.793530000000001,14.8311,10.1853,51.9148,0.31908600000000004,0.149597,0.0120629,95.6864,35.435,37.4257,2.56192,62.9184,98.7035,0.0199284,0.01,5.40995,88.5801,22.5749,5.12896,99.808,98.116,10.3783,9.02673,31.8676,1.58076,0.0205041,99.9638,0.0173707,88.704,0.507456,44.3066,62.9136,99.2,86.3232
32,2.03385,0.0668175,0.0196921,50.7099,47.9668,15.8862,18.3217,17.2934,14.6319,23.3692,1.48997,0.0107773,0.0115207,66.8316,40.5856,51.4976,1.27587,27.5573,67.8261,0.103389,0.01,0.037485500000000005,88.5673,49.4945,17.8445,97.5589,70.9795,1.67386,6.40648,1.15998,2.06462,20.7128,98.4171,0.011411200000000002,54.1943,0.0775878,0.016830200000000003,91.2042,91.722,29.1373
33,2.03447,0.0795466,0.02852,13.1232,12.1219,25.4846,19.047,31.021,37.5984,90.648,0.6566649999999999,0.0833294,0.0100098,3.81226,18.3121,74.7983,2.77205,44.485,96.3969,0.200239,0.16566,0.0157655,40.8437,19.2685,43.0633,51.3569,18.4344,2.46892,83.1605,0.0216071,3.83234,16.4272,36.4277,0.0159482,14.0311,0.5553560000000001,81.9202,3.42933,40.5857,28.4175
34,2.03511,0.0119368,0.08103289999999999,33.1843,31.1733,10.7826,6.58983,27.6743,18.5093,30.0535,0.0323921,0.0689405,0.0206412,37.2943,17.4535,11.9785,1.39341,23.0421,93.2081,0.104602,0.01,0.275911,23.3537,21.899,6.5632899999999985,99.9616,61.601000000000006,35.391,35.978,3.41121,2.5119700000000003,0.0128859,93.1511,0.0113622,46.8716,0.0111516,99.2061,100.0,79.1139,30.6798
35,2.043,0.0585552,0.708384,16.3621,15.0412,2.45391,2.4462900000000003,46.252,56.7357,10.1159,1.42598,0.131969,0.107355,100.0,17.1596,1.64834,22.7563,85.3214,34.6563,0.0153469,0.01,0.563806,1.05805,99.9971,5.68472,100.0,79.0334,40.3319,99.9262,10.0792,15.0437,5.39077,68.5417,100.0,0.0120156,41.9151,99.721,2.78328,99.9995,35.4414
36,2.0431,0.0569686,0.0501096,94.6988,87.1939,14.2711,45.5869,19.5795,47.7337,23.1868,0.01,0.032448000000000005,0.01,27.8703,10.9958,47.4912,3.74383,87.1344,61.9532,0.0110906,0.01,0.789862,93.1669,100.0,18.8226,38.5282,99.3662,0.0165125,44.4687,23.1497,7.74286,1.33953,96.0005,0.010208,100.0,1.3302,2.99093,4.34339,32.4116,20.8824
37,2.0431,0.0456049,0.545165,66.3681,61.0747,5.75234,15.0905,40.2875,49.8008,72.2318,0.146622,0.192089,0.117849,70.64699999999998,15.6876,2.98677,10.2212,99.9616,100.0,0.01,0.01,0.8340620000000001,3.95185,100.0,7.83953,100.0,0.209522,65.9045,100.0,15.7671,12.2167,1.49737,99.968,0.0659174,0.01,19.0588,92.2325,18.8658,74.7076,32.5018
38,2.04343,0.290829,0.706121,30.3246,27.9006,6.95564,10.6927,17.1352,12.7045,16.9066,14.9699,0.045050699999999985,0.0682182,19.0789,18.09,0.491008,6.3478,17.7296,43.458,0.0163618,0.01,0.192096,0.159854,9.10765,3.47546,99.8408,78.3102,14.0396,4.56446,54.5398,11.4226,1.89566,1.80931,39.6413,0.012064,69.9417,100.0,99.9996,28.0469,18.1786
39,2.0436,0.06641910000000001,0.236788,21.5888,19.7268,17.9142,15.7716,12.1981,10.6608,71.6401,0.01,0.0444761,0.187337,99.3309,41.2006,1.84528,0.979947,44.694,99.9901,0.0100266,0.01,0.350014,99.8724,83.3654,7.37438,100.0,3.91127,99.9977,0.0602029,0.337001,2.17668,14.3559,67.7909,0.0417347,0.0108172,60.3164,47.0052,88.5011,59.9281,42.027
40,2.04396,0.118311,0.0540942,13.8635,12.7522,44.9757,17.2215,24.6733,6.2860000000000005,100.0,0.023058,0.0125013,0.01,0.301613,0.865808,57.1088,4.35378,76.7556,87.2165,0.026833,0.01,0.941735,100.0,17.2036,22.4211,100.0,0.150286,43.8973,7.89567,0.0318989,3.45202,21.5669,28.0345,0.01,0.401936,8.54993,72.6793,100.0,25.2029,22.0782
41,2.04435,0.384289,0.713909,23.556,21.7057,62.2401,31.3258,31.0362,13.5533,5.75767,0.0968963,0.010000299999999998,0.24497600000000005,0.492818,18.2806,0.0313968,0.4869729999999999,16.8137,99.9677,0.013715799999999998,0.0363911,0.0433414,1.20221,6.90244,12.3789,100.0,81.2484,99.5643,7.849239999999999,23.726,44.5596,43.7572,5.05963,96.7346,0.0129347,90.6112,16.8721,0.265133,12.328,11.7919
42,2.04501,0.226569,0.482493,3.33015,3.07053,22.3014,18.2978,11.136,7.64447,100.0,0.0308156,0.145531,1.7740200000000002,4.90517,5.12196,1.6682,3.83769,99.9936,92.6768,0.0100172,0.37115,0.762368,13.5235,100.0,21.7609,100.0,99.9997,100.0,98.1517,99.1422,13.3081,0.0434052,53.877,2.87122,0.01,37.5466,20.605,0.833936,37.5732,33.4421
43,2.04503,0.0160605,0.269943,37.9602,34.9842,43.3256,14.9601,58.6074,22.3218,100.0,1.19818,0.0909602,0.204049,61.7974,49.0974,2.7528900000000003,1.80536,100.0,100.0,0.0100883,0.227859,0.395846,21.7419,54.992,7.4489,99.9935,81.3438,100.0,43.162,1.36488,2.55201,2.87334,99.4608,13.0742,0.0100125,3.42911,0.896602,39.9565,14.2392,10.0365
44,2.04503,0.0337358,0.351429,88.8756,82.2754,15.2028,13.549,14.5503,9.72125,31.8017,0.138987,0.162008,0.024942,47.6888,49.1939,8.70982,9.47181,100.0,27.5858,0.01,0.01,0.6499189999999999,89.2698,29.9417,14.6642,100.0,0.0456452,6.20772,100.0,3.64155,9.84922,2.33683,44.6401,100.0,0.010729700000000002,19.6004,19.7303,99.6827,100.0,37.3494
45,2.04523,0.125997,0.212698,35.1162,32.3825,9.04113,24.7144,21.3307,39.2704,53.7152,0.0249315,0.0923845,0.223131,19.9244,14.8982,3.27095,1.45238,66.2211,100.0,0.01,0.27368000000000003,0.386679,54.9703,100.0,16.0198,100.0,0.016421400000000003,77.9449,86.5224,0.01,8.55204,41.0168,77.2625,0.01,0.01,27.8481,15.092,35.6917,34.4677,20.8505
46,2.0455,0.297811,0.711141,2.87283,2.64629,31.287,93.9925,20.259,31.3558,99.9872,3.5615300000000003,0.153176,2.72593,20.8926,62.4769,1.09394,16.2755,71.5062,99.324,0.01,0.49259,0.648879,0.700706,47.9745,40.4263,100.0,20.3581,33.7759,100.0,44.7714,10.9968,36.6072,14.9868,99.9936,0.0119987,26.5047,3.53521,16.1091,41.3872,27.1935
47,2.04552,0.130574,0.228689,42.3901,39.0691,6.4538,22.0063,34.3468,82.7731,86.0983,0.0364236,0.199318,0.01,100.0,100.0,6.98889,3.47696,100.0,96.2675,0.01,0.628943,14.8948,54.3505,7.44313,2.19163,100.0,6.15388,100.0,99.9999,9.49005,3.58935,1.80207,17.76,23.7689,0.01,7.154839999999999,9.13286,2.71721,89.175,28.6624
48,2.04576,0.271991,0.714969,14.5201,13.236,35.4063,32.4487,16.5268,12.4719,23.4298,0.27434400000000003,0.049661300000000005,0.0185741,1.59263,0.8582270000000001,0.55198,8.535960000000001,76.4169,5.28072,0.0100101,0.01,0.353612,0.01,99.4521,8.61593,100.0,0.0133216,0.0134584,50.6819,0.504253,16.5865,15.5726,6.24186,0.662326,0.0101175,99.8827,0.0100174,11.0235,28.086,23.5254
49,2.04608,0.17946199999999998,0.736745,71.0837,65.5035,23.9786,20.4752,47.6736,99.2058,47.2971,0.87855,0.229209,0.0105345,11.2699,99.6295,1.84772,74.7422,100.0,96.1714,0.084583,0.723366,0.0127039,0.266965,5.6185,17.1765,100.0,99.2132,99.0736,100.0,10.4749,5.49483,99.8049,90.8313,100.0,0.01,6.6738,83.936,0.324821,81.4962,42.2796
50,2.04761,0.044069300000000006,0.227666,37.6651,34.4481,18.3993,21.3154,14.8081,10.4266,97.8099,0.01008,0.0125382,0.189947,31.2544,8.87693,3.74718,1.97678,75.6091,97.1384,0.01,0.01,0.0643421,10.7299,77.0081,7.426369999999999,96.0164,0.207944,0.0904225,15.3418,0.0319192,2.21391,0.30131,2.61871,0.0113886,0.0112413,6.13791,0.0101601,87.6525,99.7472,71.5493
51,2.04791,0.12778,0.71438,77.5507,72.0194,24.1992,31.1504,34.8185,55.4271,42.2478,13.6704,0.262086,0.0132035,35.5522,57.1772,3.89935,49.7436,79.2827,14.136,0.0104091,0.01,0.979705,0.111196,10.6055,8.80015,100.0,22.0177,26.1458,96.8037,31.3786,97.2452,65.6668,64.9905,40.5447,0.0114883,100.0,7.33672,0.602722,47.0743,28.232
52,2.0487900000000003,0.236086,0.251766,58.2917,53.8135,100.0,99.989,89.8863,90.0774,96.0068,0.385918,0.277074,0.013193600000000002,13.9841,30.941,11.2743,6.1853,78.934,100.0,0.0124004,0.652367,8.768180000000001,51.6169,23.3081,23.2969,100.0,100.0,2.11018,100.0,46.0815,28.1945,40.2396,14.2776,0.0183962,0.0305591,40.7694,88.0455,14.9562,81.0811,64.7629
53,2.04882,0.0161363,0.163299,30.7773,28.2429,94.4974,64.58,51.0543,32.264,98.6498,0.0100267,0.066551,0.0311257,68.9783,27.4895,13.136,3.99642,72.6504,97.6256,0.0100046,0.01,2.57296,80.0109,55.8194,9.00601,93.7665,0.861233,0.0234249,64.7666,0.016319,4.687,2.64839,49.6444,11.0645,1.00948,16.7209,72.0204,64.0962,89.3061,68.7798
54,2.05237,0.075259,0.68991,23.2173,19.2234,34.0713,91.7703,12.9971,18.5815,55.276,38.1162,7.03833,2.10659,99.84,100.0,0.01008,6.83574,99.1979,0.26679200000000003,0.01,0.01,4.43916,0.029360700000000007,8.255180000000001,3.76761,2.56721,0.0106255,100.0,100.0,0.998882,23.4431,38.6322,100.0,9.62246,0.0124409,10.6453,9.13316,71.7071,95.3897,37.9681
55,2.0533900000000003,0.484274,0.402158,67.3519,63.3457,7.339539999999999,5.03557,27.6034,19.2688,98.7291,0.0726252,0.039416900000000005,0.0145274,99.9348,0.014001499999999998,0.296708,0.450051,100.0,99.9974,0.01,0.130686,1.29795,5.80541,1.50048,13.5646,100.0,100.0,99.8181,77.5358,100.0,0.14156400000000002,0.01,2.39339,2.75127,0.0120548,7.48601,6.02729,1.53723,38.1513,100.0
56,2.05352,0.031804900000000004,0.655405,24.1347,20.0565,16.8478,44.5657,32.7844,34.0372,32.9533,1.34206,0.384203,0.0124419,27.4999,20.748,0.0134207,56.6906,76.9978,62.5261,0.670315,0.01,100.0,6.9897800000000005,51.4386,20.7734,1.51101,6.16607,100.0,96.8062,0.500196,10.8251,14.8044,97.4735,59.1218,0.0218268,92.9221,51.1269,33.4165,60.5416,34.5407
57,2.07203,0.352771,0.0740678,37.5361,30.4666,2.67731,1.57613,57.6338,25.7162,14.0208,0.21606,0.0329774,3.29707,1.18406,5.98493,0.0808289,0.010007,5.24654,100.0,0.01,0.107594,0.13380799999999998,25.0374,4.67264,7.78638,99.712,80.2314,12.7544,21.0002,100.0,21.1179,79.6669,4.39026,0.0100065,99.968,0.010016,0.565684,6.704210000000002,33.3794,52.2933
58,2.07733,0.267667,0.0100001,19.9452,18.9626,74.2713,27.4729,40.1292,22.3942,1.58897,64.3391,0.070311,0.010801,99.9629,37.5544,83.2452,1.06253,100.0,100.0,0.018545,0.272314,6.77335,13.7085,98.5606,5.5116,0.0147378,4.04645,0.01,45.8345,27.6943,9.30743,12.4424,14.997,98.1577,0.0120594,68.5892,16.4036,25.7669,50.9289,74.3825
59,2.07738,0.0258248,0.0110976,0.0105097,0.0100064,16.6674,38.0961,16.2847,35.1927,0.907099,60.4207,0.0379875,0.012016,4.08138,2.93222,64.0906,0.910778,46.8242,30.464,0.020352,0.01,0.0259616,6.891380000000002,46.6775,9.3888,0.01,0.0101728,0.0101205,11.5097,26.2723,55.9318,2.0467,100.0,0.0161328,77.12,31.9527,1.8867,0.0190733,12.4408,8.14846
60,2.07747,0.280087,0.0100317,53.4823,43.0907,7.64469,6.23325,51.9878,80.4054,99.2115,0.379518,0.105486,0.0220306,66.6913,89.2985,0.694457,0.0100516,12.4894,99.2352,0.011936,0.288466,0.0431892,98.3974,63.5691,34.9149,99.9962,0.0100943,9.95469,24.1738,60.6173,8.588289999999999,17.9114,6.42672,0.01,11.7806,0.398517,79.0118,6.10839,67.2201,40.3777
61,2.07819,0.0100835,0.0103366,81.5942,77.4634,29.1033,35.6037,28.8712,98.496,13.8441,80.5755,0.0776318,0.0118886,8.72407,92.1023,91.2321,1.22748,28.0489,87.9361,0.01264,0.318228,2.2218400000000003,25.6668,8.181230000000001,36.9525,0.0128936,0.0106094,0.01,99.68,0.0321919,2.13127,2.98401,91.5501,69.2337,0.0105945,0.0113992,0.205711,0.01008,98.2333,49.488
62,2.0784,0.318849,0.012722399999999998,8.51975,6.85174,30.2005,17.3139,17.0947,12.03,12.5136,0.373952,0.14873699999999998,0.015024,26.9237,73.1373,1.53055,0.0280932,44.7667,100.0,22.1477,0.471392,0.698653,100.0,55.8846,49.1842,100.0,0.01,1.54576,13.7649,7.43962,6.709810000000001,20.4661,2.56201,0.01,34.6161,0.967744,1.46009,77.0471,38.9683,38.3887
63,2.07923,0.0101632,0.0114553,17.7149,17.0302,99.968,16.1515,40.7657,14.5177,1.1889299999999998,6.13243,0.046223,0.0101888,3.70119,74.7686,76.8337,1.11323,12.6161,1.46192,0.0100671,0.01,0.140481,33.2674,6.6683,74.3036,0.01,0.0185932,0.01,100.0,1.8993400000000005,0.562539,2.51622,84.9117,25.0931,0.0119803,11.7993,48.9725,99.84,35.424,30.8388
64,2.07943,0.0975544,0.01,94.6233,76.2994,86.9263,99.1935,56.9049,81.3767,99.9878,4.95572,0.0506212,0.010004,42.7484,30.7772,4.2616,0.0615951,99.9995,99.9685,1.51322,0.01,0.8457979999999999,100.0,99.9994,34.1542,99.9807,0.301059,1.45649,64.9702,78.619,99.9409,21.1919,100.0,0.0102405,24.0599,0.426052,8.74815,99.9891,30.9982,21.0134
65,2.0806400000000003,0.0177279,0.0108,46.9156,43.8647,11.8359,14.4945,64.9913,11.1936,1.1616799999999998,21.1688,0.0293189,0.0100544,4.40759,58.9997,18.976,0.26621,100.0,80.2567,0.0114351,0.1572,0.014209,14.9329,5.8243800000000014,3.68929,0.01,0.0117377,0.01889,99.8402,0.028592900000000008,1.5217200000000002,4.30541,99.1033,29.3224,98.0807,23.7897,64.555,0.0102733,30.6929,92.3049
66,2.08109,0.254499,0.0105498,43.0777,40.7626,11.0534,15.0468,31.3777,20.5014,0.933693,50.5487,0.0327395,0.0185726,10.7528,8.76666,57.1886,0.761653,13.2563,99.424,0.0173813,0.01,0.865858,3.72194,3.94365,1.4931,0.01,0.0115148,0.0208419,70.605,50.9076,90.2752,0.0112451,1.93871,17.6193,0.0100461,19.9208,95.072,51.4571,96.8,40.9934
67,2.08237,0.0198728,0.6913050000000001,31.3107,29.3982,8.567969999999999,16.815,12.3618,38.8484,99.41,0.0100551,0.0108831,0.07876849999999999,10.2908,85.6134,0.256164,99.9949,5.6116800000000016,93.9049,0.0399827,0.01,0.0630202,0.704306,5.42489,31.0771,100.0,0.0121568,0.046449800000000006,3.3168800000000003,0.0201449,0.315889,10.1533,99.1342,9.73806,0.0102453,32.1769,100.0,12.5386,31.7094,16.236
68,2.08417,0.106043,0.0997919,59.6578,48.0508,24.1875,14.2767,7.56371,9.70162,99.936,0.112673,0.299767,0.155096,99.0683,73.523,0.0513383,0.01,98.3188,11.1173,0.5083979999999999,0.01,1.02345,31.9792,92.5527,31.9764,100.0,0.013323500000000002,18.9973,98.4923,61.4316,37.0717,6.743339999999999,100.0,0.0101799,100.0,1.84784,68.4932,5.8647,100.0,20.5243
69,2.09114,0.0727705,0.011184200000000002,7.07286,6.6394600000000015,58.7758,19.532,37.2941,12.1904,0.3670000000000001,44.673,0.0132748,0.0102987,17.5012,4.40729,15.729,0.222816,99.6088,100.0,1.5826,0.01,0.0418797,1.8025400000000005,54.9786,0.649395,0.01,0.01,0.0788192,95.4435,12.5937,11.3932,8.43025,98.7304,12.0226,0.153637,31.1095,19.2694,18.9639,26.347,34.148
70,2.09181,0.430574,0.31000700000000003,25.1947,20.2755,28.8648,65.4675,36.6111,69.3975,6.740760000000001,0.01,0.12144,0.039631699999999985,0.906762,56.6556,0.01,0.0100164,99.8399,0.713438,0.0194741,0.341861,0.750371,99.0433,1.35551,4.439780000000002,100.0,0.016042400000000002,96.1571,0.0774342,92.0833,15.7094,16.9533,0.0458806,43.2978,0.0115213,54.3467,3.03257,6.17566,17.1732,14.2311
71,2.0926,0.0100004,0.697181,57.7441,46.2258,14.8467,52.7574,15.724,18.9252,87.0622,0.938048,0.199791,0.0449909,27.1426,33.8029,0.0203228,1.4066,87.2209,0.8733290000000001,0.01,0.01,3.28181,2.9852,85.1381,50.6649,100.0,99.84,34.8675,72.8019,0.15094100000000002,7.18048,3.86439,100.0,99.8401,0.01,59.6834,96.8272,24.1541,83.9908,23.0151
72,2.09416,0.0100064,0.673191,24.1559,19.3696,58.4239,67.3786,16.8891,15.6011,8.85085,0.0100064,83.4536,0.0783781,26.6605,38.7672,0.01,0.674776,100.0,0.01,0.01,0.01,33.6827,5.3545,49.5637,33.3199,100.0,95.6821,99.936,29.8035,0.565632,4.18476,2.81122,100.0,99.3887,0.01,30.0793,27.2487,2.81881,29.5618,23.9584
73,2.09514,0.06442080000000001,0.304514,58.7895,47.1863,25.7599,15.8979,23.163,10.2685,93.6737,0.0181659,98.0311,78.3952,5.5242,49.2174,0.01,0.01,100.0,0.249545,0.0100001,0.7860010000000001,1.15221,19.8785,23.9161,87.1154,99.9967,0.0211857,100.0,100.0,3.829,1.35315,8.798960000000003,46.4489,0.010036,0.0100615,18.9223,99.955,32.1474,28.8679,23.2801
74,2.09724,0.019424,0.696371,39.5782,31.8571,22.2938,18.7657,42.2151,23.0913,99.4902,11.4599,0.01,0.0100064,14.2773,18.3886,0.0100205,13.236,99.6118,98.6365,90.1297,0.01,0.0361734,1.13049,37.0217,24.7223,99.6162,80.4348,10.1783,100.0,0.0102626,43.5814,10.3315,100.0,99.8405,0.0100333,97.9655,100.0,0.06836519999999999,58.9875,61.3484
75,2.09785,0.01,0.312431,56.1903,45.19,10.1009,10.9897,98.723,72.2857,1.60269,0.246386,0.01,43.7915,15.8534,34.563,0.01,0.0104648,99.2866,22.3652,0.01,0.01,0.0345328,94.9738,32.9421,38.1679,100.0,0.0475054,33.224000000000004,64.3173,0.0140976,2.92984,5.41471,100.0,56.535,0.01,39.2565,0.399219,3.92175,33.2081,20.5819
76,2.1032900000000003,0.012146,0.302947,17.9239,14.6221,26.2373,49.4422,79.1207,88.4541,65.3004,0.11213800000000003,0.134782,86.1079,98.9953,61.7881,0.0100052,0.010037799999999998,34.4204,99.8434,0.0291894,0.01,0.43972,6.27006,19.67,8.57007,100.0,54.1358,37.4035,24.6478,2.46194,2.31473,3.01788,99.9814,0.36008,0.010204799999999998,5.61916,22.1096,58.9364,44.8438,30.0444
77,2.10397,0.01,0.30397,87.3013,70.7958,50.7428,10.4284,54.8182,35.0332,99.2111,5.1463,3.31401,4.9494,12.3541,64.2015,0.0100023,0.01,99.8765,0.202668,0.01,0.01,0.694995,72.0937,28.5863,81.454,100.0,0.6068720000000001,10.621,0.0102581,0.0105641,0.133879,7.57062,100.0,2.55503,0.0146724,67.8186,1.48298,69.1272,47.2697,36.5654
78,2.11389,0.010664299999999998,0.0100774,26.6883,24.3873,23.2541,28.0953,12.8577,9.92705,30.9117,93.1362,0.0578523,0.0101664,52.9544,66.295,98.0608,1.27207,26.4954,99.9734,0.01,0.01,7.99218,31.5412,73.6289,44.0871,1.0148,0.0639612,0.720966,100.0,3.4126300000000005,7.34756,0.297255,100.0,31.4128,0.0100412,0.578072,76.0931,59.8223,47.34,31.2715
79,2.11438,0.247279,0.01,37.5122,34.2217,27.8019,38.9202,15.777,12.0646,3.23256,48.9262,0.0369291,0.011123,25.5895,23.5192,68.1886,0.873451,19.909,71.9269,0.028297000000000006,0.01,0.89943,15.9011,38.5822,14.5792,2.84635,12.0254,0.818389,99.8969,95.5959,70.3831,47.1949,25.6684,82.9527,0.012855600000000002,7.686660000000002,2.28266,99.8401,78.7129,48.23
80,2.1249,0.01,0.0100809,92.3347,87.1138,36.5991,44.3759,16.9101,11.7648,0.8981879999999999,75.4327,0.0184061,0.0145856,3.3236,100.0,45.9171,0.5614020000000001,5.3747,64.0,0.0159002,0.01,0.208709,2.68679,1.65773,25.569000000000006,59.3504,85.9643,0.865809,100.0,1.72525,0.774888,4.31353,100.0,100.0,0.0241195,17.4263,100.0,11.0414,51.7362,49.6276
81,2.16271,0.010032,0.0594992,45.92100000000001,43.5687,25.7804,28.1491,13.0637,9.55435,13.4584,0.21200500000000005,46.7535,0.0740966,37.5172,1.97856,10.988,3.14803,84.5115,99.68,0.0100032,0.0100384,100.0,98.3933,100.0,12.0279,0.01,87.3861,100.0,82.0794,2.36186,22.7244,0.0102976,97.3251,0.01,100.0,2.35209,0.0120948,97.5998,65.2646,42.0973
82,2.16598,0.500577,0.0345684,16.0866,15.4213,10.4434,24.295,29.8356,56.2267,2.38072,1.7173599999999998,11.0069,0.123698,0.216331,0.0256245,15.7644,2.30944,100.0,98.8821,0.14510399999999998,0.01,10.2402,97.3867,16.1403,49.1577,0.0103328,3.23775,100.0,64.4188,21.9562,4.0210300000000005,1.12346,3.01923,0.0229105,99.9556,0.126076,0.3045,99.904,6.41447,4.55314
83,2.17976,0.0113685,0.01,16.3287,15.4809,46.806,36.3757,54.5355,17.0523,99.84,0.034901800000000004,99.9997,4.21782,65.1338,10.4022,100.0,3.5274,71.5724,99.9277,1.49022,0.01,0.249522,95.8172,52.746,17.0359,0.181737,20.0683,100.0,14.8281,17.7255,99.9977,0.333199,100.0,0.01008,9.35012,0.0116259,32.9795,2.04231,46.1447,37.3032
84,2.18078,0.0553364,0.0231661,35.5491,33.6026,23.7049,18.2291,7.104260000000001,5.44405,99.9331,0.249367,100.0,80.2334,13.196,0.769605,39.42,3.4540900000000003,99.9989,28.89,0.025228,0.01,0.105919,77.6323,100.0,17.1228,1.89565,99.9854,35.7409,48.4323,12.5649,14.514,0.01,100.0,0.0100031,29.7248,0.0100012,100.0,100.0,100.0,72.2007
85,2.1812,0.463791,0.010251799999999998,15.0911,14.2558,18.9375,12.0001,36.7529,26.2159,99.9931,0.14415899999999998,19.8066,3.61468,99.8114,0.01,17.9123,0.656192,33.4843,100.0,0.317956,0.01,0.313713,99.9977,29.4713,11.3901,0.630745,100.0,100.0,22.2758,16.8015,0.439283,0.0100001,9.88896,0.010003,25.0845,0.0130903,19.4241,97.3216,50.2773,99.9979
86,2.18126,0.689121,0.0131905,52.3586,49.5057,6.40822,5.1002,95.0948,64.5118,92.811,0.322364,100.0,14.1308,40.0064,0.016871599999999997,24.3958,1.16204,55.4803,92.2249,0.11668,0.01,0.292313,89.6417,33.3447,30.7255,0.181691,27.0532,100.0,99.9904,39.7955,1.3633,4.21606,6.269430000000002,0.01,28.0273,0.01,100.0,0.346395,80.8676,70.9146
87,2.18128,0.0524756,0.01,15.9473,15.0972,22.3173,17.9011,20.1555,17.2297,100.0,0.119845,27.8152,0.985346,99.9991,5.1658800000000005,75.9516,2.69918,100.0,51.966,0.224573,0.0100002,1.11322,95.2948,37.774,10.1228,0.173478,100.0,87.0457,99.9964,3.26236,3.83782,4.12603,99.9996,0.01,17.0925,0.0100025,100.0,17.4555,74.7035,34.6684
88,2.18128,0.0100004,0.0100085,17.6513,16.6988,14.4844,11.6184,8.24232,6.13429,100.0,0.205184,5.08798,0.677139,96.5646,0.011985700000000002,11.0357,0.393121,18.5234,99.9995,0.5267470000000001,0.01,0.220288,66.8177,12.9674,12.1409,0.679794,76.4016,74.1019,99.8365,1.19416,1.78439,0.010045299999999998,100.0,0.0100007,15.1826,0.01,75.8193,100.0,100.0,100.0
89,2.18135,0.035360199999999994,0.0179223,29.4318,27.8082,16.6758,13.0953,26.0904,20.4288,99.9984,0.134743,99.5054,6.53851,59.8659,0.01,9.52495,0.630676,30.6145,100.0,0.380524,0.01,0.372267,74.1531,19.1106,37.602,0.528311,99.9423,100.0,99.9997,0.01,0.274509,4.4487,99.9951,0.01,33.6341,0.010000299999999998,68.64,28.6459,56.0138,35.1969
90,2.18135,0.01,0.0117681,24.2715,22.9496,1.29956,1.0227700000000002,33.9908,37.3468,99.2,8.85865,4.68265,28.8264,100.0,5.28328,99.4923,4.20941,86.5057,51.8216,0.01,0.0100002,0.094959,63.4428,76.163,6.9725100000000015,1.12341,46.2616,16.2163,94.2305,3.0165,99.4691,0.6230979999999999,100.0,0.0100001,8.17683,0.01,25.9701,0.01,40.1337,27.5955
91,2.18136,0.01,0.0191527,22.3193,21.0913,4.55191,3.5631,44.786,28.1901,100.0,0.486051,95.6783,0.753263,60.4422,0.0125011,12.0791,0.860507,42.1799,88.5016,0.757459,0.01,1.82052,48.4864,99.9347,92.2377,0.104676,96.1081,99.9956,100.0,0.141748,0.366073,1.03883,99.9957,0.0100011,23.936,0.01,100.0,11.9468,42.9404,100.0
92,2.18138,0.206116,0.01,7.87021,7.4503,1.53569,1.22804,3.88472,2.78696,100.0,2.83576,4.53546,0.737105,9.88836,10.9266,5.83251,0.207142,8.27652,100.0,0.472999,0.01,0.448651,68.7266,1.50173,12.9625,0.0931234,21.6711,53.7216,100.0,9.64972,0.732129,6.79564,40.9578,0.01,13.4001,0.01,92.5375,93.312,6.618310000000001,100.0
93,2.1814400000000003,0.327243,0.01,14.2568,13.4967,9.43219,7.58041,30.3144,99.8399,55.1981,0.149058,80.5158,8.32301,83.6362,20.1393,76.0796,2.70114,100.0,99.8712,0.789327,0.01,0.233278,88.1231,27.2751,33.7832,0.8306950000000001,99.9977,91.1008,99.9997,30.5378,0.789814,1.00247,36.792,0.01,15.7232,0.01,97.92,5.23139,55.3519,29.8631
94,2.1814400000000003,0.411044,0.0108832,8.326089999999999,7.85923,60.5025,69.4225,9.12938,16.0309,99.7763,0.0449137,20.2441,7.540489999999999,99.0091,0.01,4.83282,0.188741,10.0732,99.424,0.631293,0.01,0.13980399999999998,99.7762,27.5094,99.0171,1.55395,99.2,94.4001,27.2077,89.0256,15.4425,6.01757,35.0955,0.0100741,27.7198,0.027710400000000003,22.2208,78.1427,40.2515,32.3053
95,2.1815,0.211133,0.01,43.5032,41.1448,17.6308,14.0313,86.9268,77.7842,99.9921,0.402825,99.9978,5.67745,99.3952,0.843792,31.7011,1.12803,52.1511,2.55536,0.010013,0.01,0.282617,83.7364,94.7056,36.6349,0.668245,97.353,33.6908,100.0,24.3831,9.50302,22.6148,100.0,0.0100001,19.3281,0.01,1.60897,0.02757,99.4689,84.59899999999998
96,2.18156,0.527943,0.0225945,20.5356,19.4176,12.0058,9.1744,17.2448,12.5923,95.968,0.544271,43.7724,2.3392,60.6885,23.9059,39.01300000000001,3.3250300000000004,100.0,99.904,0.175442,0.01,1.41138,100.0,13.2505,15.0638,0.134418,96.7288,35.5922,100.0,84.2129,3.68224,0.255355,25.1167,0.0100163,39.1568,0.01,0.454342,7.77148,32.6921,41.0648
97,2.18157,0.156852,0.0190122,21.5404,20.3901,2.44886,1.91178,26.3577,27.3669,100.0,1.54343,10.0689,0.829142,14.9407,1.40339,37.337,2.63164,100.0,100.0,0.707037,0.01,0.216609,65.6748,21.2682,12.6114,0.903414,99.9657,62.0383,99.84,8.222719999999999,1.38764,3.16005,41.4296,0.01,25.5357,0.01,54.5444,16.4799,56.2031,21.9419
98,2.1815900000000004,0.728558,0.0100001,26.2337,24.8519,4.18242,3.35451,21.7452,16.4471,21.5276,0.12651600000000002,43.2553,3.99192,3.90418,9.88809,100.0,3.55254,99.999,89.1921,0.322064,0.01,0.308757,82.3081,1.09109,7.186839999999999,0.615075,99.9993,99.9795,100.0,99.5944,3.54096,2.19977,4.3228800000000005,0.01,11.2015,0.0100022,99.9988,0.07017000000000001,99.2677,88.9988
99,2.1816,0.57757,0.01,22.4926,21.1918,11.4476,3.4080699999999995,100.0,17.2161,100.0,0.767988,3.82796,2.00103,99.0855,0.01,29.5201,1.06083,62.2999,99.1612,0.15823900000000002,0.01,0.148385,100.0,68.5224,8.12454,1.31396,92.2033,57.2129,97.7907,99.9962,16.252,0.7683270000000001,22.6549,0.01,26.6556,0.0922043,2.2939700000000003,9.77263,27.3106,41.8166
100,2.18166,0.743574,0.01,70.5018,66.6616,14.6019,11.6436,4.90069,3.62576,99.968,0.411307,9.23699,0.542262,17.5468,10.342,20.4408,0.7273970000000001,27.1963,100.0,0.687037,0.01,0.0967931,77.805,8.70139,24.4225,2.03094,100.0,38.2591,100.0,100.0,16.2361,0.01,5.05996,0.0100364,14.3139,0.01,99.9987,99.9986,97.0677,46.8792
101,2.18168,0.0310577,0.0265356,55.3756,52.3555,4.95972,3.80989,30.6666,24.6809,71.6253,0.336612,100.0,9.65359,100.0,6.942639999999999,2.6883,0.274135,8.29248,100.0,0.480841,0.01,0.106549,19.0743,90.5295,19.112,0.347291,17.4581,85.76700000000002,99.9996,4.45702,28.9064,1.55385,99.8111,0.0100014,8.59892,0.01,60.0,0.01,43.6883,39.5116
102,2.18178,0.01,0.0100161,77.5023,73.4097,80.5273,76.128,54.0547,61.959,44.0375,1.23851,15.0059,0.0100032,20.3304,17.0981,56.2882,1.98755,57.7237,73.8805,0.0863145,0.01,43.7998,99.744,29.6398,69.4653,16.6648,1.29389,2.76275,44.5258,4.5528900000000005,99.9981,0.495323,99.3788,0.01,22.42,0.0180679,36.5948,9.99752,22.8124,16.694000000000006
103,2.18182,0.0254736,0.015348,44.1827,41.7476,22.7833,5.4375300000000015,79.2437,7.0679300000000005,32.2416,0.199958,32.969,3.77418,96.8001,91.84,67.4682,3.78114,100.0,96.0526,0.0398716,0.01,1.29829,100.0,14.8071,31.2386,0.142894,96.7118,56.3624,99.9872,0.0100039,1.47083,3.65589,100.0,0.01,20.297,0.0842525,0.857268,11.6569,16.3408,39.732
104,2.18187,0.852908,0.0314653,34.8873,32.8931,18.5584,18.7548,43.1361,34.3518,56.9952,4.54974,99.9927,37.4931,19.4538,0.01,7.06962,0.880708,45.3444,86.2762,0.08001799999999999,0.01,0.22752600000000006,99.9999,3.06953,50.7156,0.901132,100.0,100.0,74.9574,23.537,19.3678,0.012828399999999998,0.0105055,0.0100037,94.471,0.167258,6.08656,100.0,33.0616,24.3551
105,2.1819,0.089199,0.0369123,13.3632,12.6196,8.431339999999999,6.23648,23.3651,16.7631,99.8345,0.457622,8.923919999999997,0.715765,99.5316,0.0282154,13.1861,1.97451,93.5378,99.9899,1.21205,0.01,0.210699,79.0467,44.9333,21.7921,0.103552,10.5491,57.9044,100.0,11.1223,2.46868,2.41663,99.9438,0.01,90.2533,0.0101382,0.010011399999999998,0.0348065,98.8862,99.9542
106,2.18192,0.0114421,0.0368997,18.4861,17.4554,66.0361,27.6901,74.0995,31.6422,99.968,0.0914502,6.8114300000000005,4.84246,30.4991,6.10784,6.77622,1.01493,40.6003,98.4002,0.07860650000000001,0.01,0.260516,99.968,13.130999999999998,16.5086,0.793248,98.048,94.2119,99.8405,0.010483200000000002,0.427376,1.46062,100.0,0.0100032,93.4754,0.0918033,5.035,88.74700000000001,54.2205,40.141
107,2.18193,0.390415,0.0280411,21.3367,20.154,27.9833,5.8750800000000005,75.6889,24.7758,19.0646,0.0580418,88.7342,1.35282,91.5257,7.7714,12.2669,1.33449,36.0357,85.1306,1.07104,0.01,0.670948,100.0,50.181,10.1402,0.297627,99.968,95.5964,100.0,22.7536,9.16885,1.61442,13.7163,0.0100013,43.0402,0.0945832,2.07243,74.2495,41.2043,79.5154
108,2.18194,0.374442,0.0181724,53.5115,50.5563,11.4762,8.88147,39.1855,25.3561,100.0,0.817979,6.89444,0.08667849999999999,40.871,1.6317,19.6039,1.31855,56.5098,100.0,1.43294,0.01,0.28542,100.0,33.922,14.045,0.3932,57.7741,26.6761,100.0,16.5411,8.68492,30.6887,33.8947,0.01,43.31100000000001,0.01,96.0358,3.63128,27.572,23.8184
109,2.18198,0.158394,0.0299175,44.08600000000001,41.6195,90.4653,57.2328,99.968,63.6827,99.8082,0.924656,53.089,1.56086,69.4114,4.83108,8.89671,1.041,45.5619,74.4732,0.156933,0.01,0.99796,99.9744,8.128589999999999,12.4277,0.118454,49.9721,7.3468,17.4342,13.8979,8.09352,3.10359,37.0021,0.0100022,98.791,0.118244,23.5894,4.32874,37.7418,27.0069
110,2.182,0.0100001,0.0100639,40.2096,38.0484,24.2544,22.1712,79.2173,76.6869,100.0,0.136572,77.2434,2.21177,100.0,5.4257300000000015,8.57579,0.307542,9.65347,100.0,2.12646,0.01,0.111917,99.9989,25.2773,4.09286,0.800516,45.8772,96.5114,99.5518,0.914752,5.46191,0.469574,100.0,0.01,14.6322,0.0570005,3.74313,6.90446,43.8777,33.6919
111,2.18201,0.7174010000000001,0.0336172,87.3648,82.5076,6.14045,4.6033800000000005,11.8842,20.182,26.9822,0.122908,82.4997,2.11397,52.4061,3.64623,14.0508,1.88081,80.3123,100.0,1.05482,0.01,0.116555,100.0,14.2001,19.8116,1.7411,100.0,79.9914,100.0,70.4904,13.7107,8.6884,4.64386,0.01,88.8349,0.01,100.0,6.44192,20.1077,12.3067
112,2.18202,0.0533385,0.0193952,13.1229,12.3632,12.3373,9.27617,72.7742,21.6986,96.704,0.29186,33.6478,9.84891,5.96787,5.75249,30.3509,2.20023,92.8896,99.2448,0.781464,0.01,0.09198,99.872,16.637999999999998,65.6441,0.510949,21.9974,54.7956,99.6288,0.0238912,0.497473,7.83415,99.5223,0.0108245,43.1856,0.027698,1.15251,2.801,21.7631,17.7017
113,2.18206,0.8318049999999999,0.01,76.0497,72.0149,20.6106,16.515,22.2438,16.6741,100.0,0.146642,16.2995,1.09606,43.0747,3.5937900000000003,76.8588,2.72406,100.0,99.9983,0.440238,0.088034,0.117833,76.9721,99.9987,47.0381,1.55456,99.9991,91.663,57.1385,100.0,23.37,0.0100662,2.31284,0.01,13.3918,0.010000299999999998,100.0,100.0,99.958,33.4055
114,2.1821200000000003,0.323984,0.0286053,30.0026,28.2523,27.3261,20.6958,64.3617,88.2029,99.808,0.4566939999999999,11.2365,0.339825,96.8665,58.176,4.19698,0.468851,21.1624,6.87495,0.0100064,0.01,2.09836,92.4761,0.910783,3.90366,0.0999316,100.0,18.4688,100.0,0.332198,0.7154229999999999,50.4545,45.6722,0.0100737,75.6248,0.01,0.010564,0.251259,96.1629,59.9135
115,2.18213,0.131186,0.013980700000000002,24.957,23.5131,28.6951,65.4932,24.3213,63.7002,77.824,0.146839,77.2283,18.6,62.7308,11.3319,43.8764,2.24008,81.056,94.94,0.355225,0.01,0.124202,95.3943,72.9092,38.3754,1.55189,99.904,44.7754,100.0,1.32792,2.35741,14.7612,67.5013,0.0115078,23.2221,0.102631,0.5347770000000001,58.2815,51.5938,38.22
116,2.18214,0.0120797,0.010904,29.53,27.8276,7.78758,5.84986,14.4146,74.6345,100.0,6.10492,66.7061,6.24317,94.5011,3.41715,87.97200000000002,3.43172,99.9994,13.7582,0.0101229,0.01,1.32741,100.0,100.0,7.89045,1.87267,99.9949,3.18216,61.3619,3.44451,28.4012,0.012392299999999998,99.9707,0.01,22.2413,0.0100444,47.4973,0.07074180000000001,99.9733,16.5338
117,2.18214,0.6143689999999999,0.0265364,31.913,30.109,4.46709,0.420182,65.6127,15.6628,1.02051,0.0661359,99.9995,27.4365,99.5114,4.64295,1.7436200000000002,0.178217,7.28368,34.0591,0.0149487,0.01,0.715613,100.0,49.7319,15.4752,0.280731,100.0,73.0608,100.0,45.0268,29.3128,27.4008,7.16822,0.0100058,58.6438,0.223991,0.219027,95.3253,19.2901,19.9485
118,2.18215,0.792374,0.035811,23.5193,22.187,13.2998,9.74333,54.877,21.4209,79.0092,0.22506,0.8963690000000001,0.0269587,98.56,0.01384,1.88146,0.271886,13.0858,100.0,0.693805,0.0323877,0.548292,82.8107,76.3446,87.84200000000001,0.283642,82.5831,69.2999,35.9203,98.0974,1.53526,1.39744,5.39502,0.010016,90.6276,0.01,12.7539,25.9675,41.7079,81.3171
119,2.18216,0.202783,0.0403964,71.5978,67.5218,47.6871,34.9902,43.6085,100.0,15.3652,0.01,66.2497,51.3909,80.064,0.01,1.12564,0.187439,8.86875,99.936,0.0103789,0.01,0.476649,46.6826,29.6002,32.744,0.392361,91.1811,72.3224,100.0,0.567426,0.639324,44.7949,99.9527,0.01,59.5535,0.01,99.9357,21.9663,99.2204,65.9938
120,2.1821900000000003,0.5685319999999999,0.032354400000000005,46.407,43.6654,5.00916,0.649193,84.9636,39.5194,81.2419,31.6711,32.9106,0.23285100000000006,98.4993,1.11637,10.5655,1.3665,71.2788,99.648,2.0484400000000003,0.01,0.410893,99.1591,89.8018,9.00238,0.482071,93.0831,93.8887,27.0373,20.9628,3.00734,1.78017,5.01968,0.0129274,98.9441,0.180631,0.0896052,99.9872,46.5616,35.0012
121,2.18228,0.605406,0.0494573,52.8242,49.8204,61.0314,40.9495,28.4274,17.5317,76.0721,0.0490423,4.0316800000000015,0.020771900000000003,17.9255,2.89958,12.0385,2.57324,100.0,100.0,0.929525,0.01,1.08726,38.0795,11.3809,13.2679,0.194936,98.6448,74.7745,100.0,16.1069,10.2757,3.81334,3.09337,0.01,53.9978,0.0263576,3.92605,68.1094,51.6441,37.1063
122,2.18235,0.526397,0.0100045,43.802,41.1573,8.31489,17.7742,11.5016,16.3976,7.336639999999999,0.418067,90.746,0.505566,95.424,84.5632,22.0824,0.792657,27.2455,75.6507,0.335197,0.01,2.59106,100.0,15.9096,32.8246,0.08643780000000001,100.0,6.7481100000000005,99.8148,64.1838,4.53275,0.165676,13.7827,0.01,19.964,0.10886400000000003,30.526,100.0,16.1676,11.9166
123,2.18236,0.207879,0.010016,97.3106,92.0517,99.904,5.17598,94.0696,8.906789999999997,99.5523,1.1740700000000002,6.53636,2.57687,50.0602,12.5012,99.4547,3.54856,100.0,24.3658,0.0100326,0.01,0.171882,100.0,100.0,60.709,0.5477989999999999,48.7174,33.0729,95.5644,0.01,5.36109,4.05889,8.52638,0.01,13.0782,0.129455,0.789766,53.5451,17.5711,15.7666
124,2.1827,0.010843299999999998,0.0487691,23.7259,22.3612,60.93600000000001,11.4364,13.6667,2.08745,99.1361,0.215922,21.529,9.44597,71.8259,13.933,6.08405,1.27524,30.1895,100.0,0.11883699999999997,0.0100006,0.216164,100.0,18.1628,7.851269999999999,1.30161,100.0,44.8216,99.9856,2.63111,39.9876,0.07671230000000001,100.0,0.01,73.8072,1.0375,21.2157,1.14509,18.417,100.0
125,2.1827,0.308485,0.0219502,25.8389,24.4194,53.7488,10.1764,35.2742,12.9711,100.0,3.2553400000000003,96.6645,96.3312,62.0072,20.4608,48.2674,4.00057,100.0,100.0,0.135405,0.01,0.0785712,100.0,36.2436,25.1943,0.626445,24.5996,36.2995,77.3774,33.6233,4.77072,0.178628,31.01,0.0100001,28.505,0.272141,5.229419999999998,54.3767,14.7596,10.888
126,2.18306,0.623827,0.010797,51.3452,48.4285,0.564882,0.4161760000000001,35.0725,27.6542,100.0,90.2866,18.2138,1.94929,14.7792,1.17099,2.15311,0.0839485,3.72296,99.68,0.8386319999999999,0.01,0.0599404,78.7372,94.0021,48.707,3.36314,99.3962,6.60562,93.4217,17.9979,8.80679,31.383000000000006,4.7937699999999985,0.010048,26.1801,0.0103524,98.2602,22.7772,87.1447,78.7079
127,2.1831,0.0948395,0.0100001,61.96100000000001,58.2385,17.2082,7.68648,94.7328,16.1441,21.9271,1.11985,96.2648,11.7084,73.8807,3.4951800000000004,28.8513,1.0287,34.5679,88.054,0.065466,0.01,0.486417,100.0,67.8815,7.5039,99.5689,0.45636,3.06666,100.0,15.4144,52.9966,1.80576,51.372,0.0100087,21.4959,0.11805,63.8998,99.9993,18.7755,14.0404
128,2.1832700000000003,0.010352,0.0139988,22.6101,21.3307,3.25378,2.49143,12.4192,9.62603,98.8487,7.84342,96.0156,0.0100422,99.9361,1.79492,9.9579,0.50474,19.8666,99.584,0.01,0.01,0.032326299999999995,66.8619,100.0,6.219530000000002,1.10572,0.0237916,4.40643,100.0,2.70175,97.92,0.512676,99.968,0.0101857,22.6747,0.0102989,83.8365,0.01,99.968,99.68
129,2.1833,0.0100026,0.0547423,99.8528,94.0049,31.1171,61.3925,40.5885,69.4181,99.7953,0.13638699999999998,10.1177,0.0920319,99.392,23.0903,7.11141,1.72933,41.9925,42.0824,0.6213,0.01,0.207008,100.0,44.8389,21.571,1.03424,100.0,99.3636,99.52,0.01,2.29102,1.46454,99.36,0.0100328,99.36,0.302893,2.84078,22.2929,42.3795,30.4324
130,2.18331,0.388598,0.0114208,24.3777,23.1295,5.35147,4.2752300000000005,31.1294,20.849,49.5194,0.258151,100.0,78.4013,11.7837,0.930729,9.95441,0.406056,13.7457,92.672,0.687253,0.01,0.0193792,60.5788,33.465,13.6196,8.77295,90.2393,87.9442,85.6323,41.4545,3.36321,4.70264,35.1082,0.01,11.3352,0.010064,53.8051,2.93886,38.6979,45.6167
131,2.18371,0.881174,0.018743,4.51527,4.2743400000000005,28.0309,21.9342,12.98,9.66426,89.152,0.08895080000000001,1.5522,24.0376,100.0,0.010096,30.5694,2.13294,95.84,29.0072,0.07815989999999999,0.01,0.014752,99.264,6.45801,32.7203,12.4357,95.8401,86.1772,1.79417,42.5908,8.457089999999999,0.0119391,0.01,0.01,43.8428,0.010144,29.6853,11.1562,89.5362,87.1039
132,2.18401,0.128808,0.0274594,74.3557,70.3387,57.1989,50.4381,28.2058,50.1178,86.0162,0.213582,0.76512,2.00244,84.288,8.783560000000001,35.8358,3.82939,92.064,97.504,0.08772730000000001,0.01,0.015811500000000003,97.44,57.2972,11.7388,12.2548,94.336,19.002,77.3879,30.0568,26.4869,6.45672,97.728,0.01,40.2091,0.052263,9.70922,53.6332,60.2281,45.2671
133,2.18417,0.043881,0.0433551,76.8502,72.9068,40.4947,99.9744,32.0825,89.4427,98.3041,0.29946999999999996,1.9196099999999998,0.044013199999999995,75.8178,0.010188899999999999,13.1978,2.37013,90.04799999999999,99.488,0.161494,0.01,0.0363579,89.2485,40.5723,35.7772,0.20339200000000002,89.9279,98.5106,100.0,0.943652,9.34571,5.04225,93.12,0.011008,100.0,0.0331886,0.131423,7.44636,9.63517,7.07315
134,2.18445,0.0107173,0.01,23.7062,22.3571,11.1064,8.39728,25.3408,17.7523,19.3641,0.758414,98.1875,0.0498187,33.5668,3.91625,22.1751,0.7761560000000001,11.6022,0.472105,0.0100004,0.01,10.4767,42.9556,40.1388,6.312,3.62724,2.91863,3.01286,40.4843,1.83981,15.4139,0.0101389,43.7063,0.0163627,3.98306,0.0278675,35.2444,0.02,100.0,94.5398
135,2.18514,0.28075,0.0656288,59.4139,55.6898,11.2523,28.9886,25.7082,99.52,7.36309,0.0127044,93.9057,0.550995,76.7272,55.326,5.8754300000000015,1.82216,36.7449,98.1509,0.921426,0.01,0.862194,100.0,5.7199300000000015,6.8735800000000005,0.0990611,36.9329,99.8403,34.1589,6.36625,1.22711,15.2167,17.3403,0.01,100.0,1.32255,12.9853,99.2809,43.7561,27.0874
136,2.18581,0.0383817,0.049255699999999986,65.087,60.68600000000001,6.30143,10.1535,29.487,96.5568,93.8812,0.500278,92.3356,0.41647,100.0,18.4391,13.7042,2.93958,84.3233,99.7312,0.0103917,0.01,92.8937,100.0,96.8832,28.5908,0.124096,99.6192,24.8843,97.0434,2.17733,4.43813,6.05943,99.7228,0.0111564,95.3226,0.6129220000000001,29.7872,98.3182,41.2517,25.0682
137,2.18586,0.0116035,0.0952852,11.8832,11.1307,60.6197,27.4115,27.1497,2.70002,91.8595,0.306017,22.4897,8.50968,45.6611,17.3186,7.85308,4.2178900000000015,99.6802,88.8016,0.198381,0.01,0.28033800000000003,15.1277,47.3983,35.8563,0.93752,99.8404,16.9493,100.0,0.010256,14.444,1.78815,95.84,0.010064,50.9743,0.01,14.4907,90.273,48.9099,29.1501
138,2.18633,0.502312,0.041956400000000005,38.1825,35.9677,25.2345,28.5622,11.6669,9.13324,99.8723,0.124643,42.08,0.041385000000000005,31.2663,7.740660000000001,15.3811,2.68043,100.0,40.4182,0.028659800000000006,0.209782,99.8677,98.5216,42.9921,25.0916,3.67853,100.0,36.0412,29.8769,35.9474,13.6136,1.81721,2.40368,0.0100021,100.0,0.486916,0.694588,18.0361,30.6164,21.6996
139,2.18673,0.379959,0.055139699999999986,52.95,49.6732,4.33522,3.5188300000000003,56.1722,44.6053,71.0285,0.735266,99.84,0.506833,61.8916,32.7763,4.81947,1.18256,51.7019,100.0,0.010198,0.102114,100.0,60.2912,14.2052,27.9263,17.61,28.7925,71.702,100.0,27.8772,1.57042,10.5743,14.8207,0.010096,100.0,0.617584,3.89301,99.0859,20.4112,14.5543
140,2.19227,0.217262,0.15566300000000002,21.3523,19.8974,4.39356,11.2274,21.3118,51.2729,0.0944541,1.32933,1.22919,0.121326,3.14919,0.0147888,0.367792,0.552667,25.3882,56.1385,0.0106668,0.01,6.99503,0.0100032,5.26764,15.7471,0.282627,0.0203378,100.0,11.6692,2.39563,0.193752,15.3224,27.2339,44.7549,0.021416900000000003,0.449067,0.5227890000000001,20.3315,7.2580300000000015,5.72635
141,2.19853,0.0100038,0.291078,89.6106,83.6052,7.17109,6.08314,6.46393,99.9476,99.7792,0.42788,15.8427,0.0100001,44.1207,5.06899,0.545977,99.1974,17.7364,66.5514,0.122646,0.01,26.4841,41.8514,99.9637,20.2075,0.523234,0.010756299999999998,19.5059,30.9162,3.25732,17.4142,0.0293647,100.0,37.05,0.01,0.01,94.992,0.0365795,99.9801,10.8692
142,2.19926,0.0157063,0.220617,8.51153,7.9279600000000015,29.2527,24.7606,14.3817,10.4684,67.9262,0.054886,67.1569,7.12754,95.2714,5.20861,1.5045,5.59433,41.6806,79.7089,0.0201228,0.01,12.1488,7.122489999999999,99.9606,10.5599,0.691157,0.026778700000000003,22.0486,68.3467,4.2334,22.8562,0.01,100.0,3.85561,0.0105856,0.018924,75.4103,95.2,69.9846,100.0
143,2.19985,0.319979,0.28930300000000003,44.4665,41.2914,50.2607,26.5098,17.7953,10.9906,71.0283,0.370792,99.9551,0.032686200000000006,99.7901,0.0103388,0.794246,95.7696,80.0956,5.25162,0.01,0.01,99.9388,95.1782,41.8254,4.26671,1.5633,0.0543004,31.3104,18.0675,8.31805,6.43639,2.77624,6.33676,65.8956,0.01,16.802,12.003,33.2258,14.2554,11.1249
144,2.20108,0.0107296,0.181974,46.2017,43.4938,13.7264,14.8948,17.6603,25.0962,3.24611,0.0440047,38.4747,0.7088409999999999,8.10275,5.31117,2.51318,4.7729,22.4287,29.2256,0.0100032,0.01,8.79762,96.7106,7.4401100000000016,6.4469,0.150294,0.012123899999999998,5.2803900000000015,7.64659,28.9717,71.9941,0.6271979999999999,99.68,12.3178,0.07515960000000001,30.5037,8.54636,0.0100046,18.4853,13.0579
145,2.20119,0.138196,0.290473,59.2917,55.5639,79.7014,63.014,15.2496,11.0031,100.0,0.0489657,100.0,1.9826,59.9445,0.0115912,0.901592,99.9574,63.7408,99.0056,0.0100011,0.01,0.0129034,100.0,18.3634,1.58775,1.46722,100.0,34.5086,39.1889,89.8531,100.0,5.69302,98.4244,0.0160192,0.0180007,87.3076,77.1789,1.257,48.7319,41.5254
146,2.20159,0.036599,0.290101,11.8591,11.2095,33.5044,17.1675,26.6191,7.3391899999999985,75.2896,0.0488469,100.0,1.38449,97.6112,13.0558,0.570145,92.002,19.6228,40.8037,0.0103208,0.01,62.0006,40.7371,44.5529,15.5307,99.9939,55.0284,100.0,3.50132,12.1492,15.0979,0.355392,36.0784,31.489,0.0100382,3.8347,25.287,0.173238,16.4026,14.1674
147,2.20286,0.332669,0.293195,38.9955,36.5722,7.51185,6.35838,11.4796,7.881410000000002,99.2003,0.124881,96.3324,4.83216,99.2083,0.0127328,0.0179997,94.7393,1.67738,99.8362,0.0357061,0.01,3.89418,15.1807,25.7787,5.13546,99.8838,1.22677,99.9676,99.1231,100.0,61.9021,18.0264,52.2346,11.902,0.0103969,1.52762,100.0,1.2157,19.6137,18.8045
148,2.20286,0.20975,0.289773,11.3188,10.5232,78.5126,20.4592,20.3239,10.104,40.5385,0.0191749,35.329,0.856402,97.537,0.0101067,0.692941,97.7279,56.979,99.9686,0.0573087,0.01,18.0431,51.5756,100.0,12.6785,0.0965621,0.0113839,93.9207,11.0423,4.9699800000000005,5.72725,18.591,34.8783,0.0100096,0.010483200000000002,44.3709,17.6221,38.0793,25.0666,23.9787
149,2.20338,0.5226890000000001,0.294631,59.4732,55.7141,39.8332,37.3033,33.3961,62.9164,100.0,0.0243434,14.9512,0.0100476,52.909,0.0120903,0.0130042,100.0,1.36179,23.205,0.0615198,0.01,25.9126,38.5429,100.0,70.9855,99.9942,3.72629,99.9859,51.9297,39.7187,6.94755,82.912,13.7351,0.0100304,0.0100853,34.3615,30.7805,3.90852,95.5874,57.8277
150,2.20342,0.12015,0.294825,11.0612,10.3585,14.7749,59.9323,19.8911,17.2755,21.5144,0.0175908,29.6721,18.2735,29.846,0.0128055,0.0129939,99.2966,1.38622,13.6091,0.0105551,0.01,0.5203800000000001,84.6922,9.05633,23.1658,95.8057,0.0112596,99.7861,99.9479,3.77265,0.287576,1.13887,17.9998,62.0691,0.0102952,13.7655,13.436,22.093000000000004,34.8538,23.7199
151,2.20362,0.0990843,0.235415,35.1889,33.168,56.0667,46.9273,36.5976,28.2337,90.6561,0.0521927,37.5219,35.9947,6.58605,1.24543,4.23431,22.1139,99.936,60.5894,0.17419400000000002,0.01,0.0278643,90.206,19.9501,6.74429,0.11364,0.01,37.792,41.3667,59.8181,100.0,5.6437599999999986,87.9051,0.0113925,0.0121831,54.75,99.936,0.38018,41.4333,35.0947
152,2.20365,0.30980100000000005,0.270828,99.0372,92.7317,44.0574,2.06447,37.7337,8.53249,99.5265,7.74832,3.57148,0.016792599999999998,99.1739,0.010015,1.15127,23.769,99.6811,99.9949,0.761945,0.01,0.78725,44.0929,23.1262,2.09167,76.9818,0.239837,37.5722,92.3139,53.4606,41.2621,11.5815,36.9118,27.8115,0.0100006,6.3011599999999985,0.0137794,1.3081200000000002,13.6486,74.2202
153,2.20423,0.31042800000000004,0.284524,60.1985,56.1888,15.2321,8.209439999999999,27.5509,18.819000000000006,10.4886,0.01,44.6269,0.5538,48.4258,0.0101735,0.189939,24.2508,20.8394,99.9144,0.684523,0.01,0.546655,21.415,32.8577,67.2727,0.0751575,0.0100046,92.9331,47.9216,25.3697,0.194976,0.344915,19.2369,0.0116747,0.0101302,17.8468,16.7013,7.77964,38.2444,100.0
154,2.20426,0.387369,0.205522,13.7349,12.8228,19.033,23.2159,12.4183,13.7238,99.1454,0.040649800000000014,22.6954,2.17787,99.9929,0.0100642,0.316654,0.969408,24.1034,99.9627,0.0204816,0.010000299999999998,10.4262,4.9023900000000005,8.84278,23.9192,99.3817,98.3573,97.3862,99.9986,99.9922,0.87426,0.422601,42.4431,0.0140098,0.0407422,2.3376200000000003,63.3235,8.6954,99.0865,24.8611
155,2.20427,0.513571,0.28444200000000003,10.5983,9.90292,45.5102,22.7293,16.6061,8.73194,89.2784,0.0306284,4.45622,2.36922,51.0379,0.0312392,0.673032,99.1045,71.2718,99.3966,0.0102755,0.010000299999999998,4.81009,44.3809,3.56517,6.9150100000000005,99.9577,99.9728,99.929,28.633000000000006,89.0798,1.56046,20.5597,13.9275,10.2703,0.0130793,26.7984,24.4213,27.6188,38.5521,67.0291
156,2.2042900000000003,0.575357,0.288091,47.7455,44.4099,0.967304,0.8104439999999999,1.99504,1.39686,99.9966,0.99026,41.2325,5.87451,23.8445,0.01,0.0123728,100.0,97.0683,94.1912,0.0490561,0.01,0.7803260000000001,29.1893,0.232398,0.0413202,100.0,0.5431560000000001,100.0,19.877,99.9909,0.7301380000000001,0.014019,7.868989999999998,2.96055,0.0177505,22.0044,27.1002,2.22052,41.4552,78.8953
157,2.2043,0.6159979999999999,0.282231,13.9995,13.0672,15.0214,12.1771,38.591,26.9438,54.338,0.0340449,9.92508,0.750428,47.5671,0.0114649,0.877022,77.3196,100.0,99.9724,0.08142739999999997,0.0100001,3.26914,20.8916,17.2222,45.0425,94.3699,99.9993,99.9726,99.3062,26.2264,68.6517,0.0304332,0.0245361,0.0443586,0.013782399999999998,17.1479,23.4418,7.362999999999999,65.544,99.275
158,2.20433,0.488519,0.278277,31.6949,29.601,37.0059,11.1499,76.8107,33.4699,10.2422,22.6171,44.2138,0.24345,100.0,0.0102639,0.932915,41.1066,99.8734,20.1956,0.0666408,0.01,4.88742,65.4436,51.7124,15.5553,100.0,0.184467,99.5396,3.29469,21.291,4.90692,42.9065,10.8268,0.0894046,0.0106767,52.3847,0.0485204,99.9991,16.5783,14.8561
159,2.20434,0.271508,0.236123,49.0692,45.8156,6.81352,43.959,17.9012,64.7611,84.6597,0.124923,99.6366,7.59457,64.3679,0.0113125,0.0711577,0.411956,6.29983,99.6587,0.148402,0.01,0.5055930000000001,99.3919,3.13482,3.3000800000000003,16.5185,0.132973,85.0447,99.568,10.92,1.1104,3.3190800000000005,14.1045,57.2921,0.0102231,2.42971,4.2847300000000015,9.57949,33.4059,17.71
160,2.21182,0.0110948,0.30101700000000003,14.0093,12.9914,48.3192,6.2188,58.2103,33.9971,6.30477,65.3272,9.96816,4.40706,32.8753,0.0170533,0.582791,100.0,44.2953,100.0,0.359385,0.01,0.124791,1.21923,100.0,2.39986,0.299387,0.015258100000000004,1.53743,96.8502,0.010693799999999998,18.07,1.87144,100.0,85.92,0.0117769,14.7095,21.3144,51.1266,55.3308,99.3664
161,2.22301,0.0152266,0.290244,100.0,85.1249,31.1205,14.5425,72.4055,42.16,77.4769,4.80588,100.0,0.0100006,99.68,2.06002,0.0100006,3.7613,99.9936,100.0,100.0,0.01,100.0,1.2188,22.3628,0.7831600000000001,0.351514,0.010068,100.0,56.925,5.80754,49.2998,0.321083,100.0,1.88995,92.1502,9.8362,100.0,0.01,95.1907,94.1004
162,2.23309,0.010016,0.0111303,53.7756,55.8304,17.1825,13.8967,99.936,99.968,51.9149,0.0529984,98.8599,3.90497,21.2598,71.7612,11.7246,0.4663850000000001,2.83922,100.0,0.322876,0.01,0.351727,80.7921,4.0153,17.0095,0.6650590000000001,100.0,88.6513,89.1868,100.0,84.9796,1.46228,35.9707,0.0100064,3.02345,0.01,99.776,79.9999,65.3654,54.0316
163,2.23591,0.0100006,0.055519500000000006,5.1002,5.29229,22.8224,29.6374,34.2496,61.3594,99.968,0.17694400000000002,48.7761,33.3642,9.56397,37.8173,32.2812,7.737489999999998,39.5372,7.225510000000001,0.01,0.01,0.472035,99.8362,4.96807,24.4769,5.61483,98.4999,22.9266,9.1753,7.016310000000002,83.478,11.759,6.83662,0.01,24.6518,0.461729,3.93252,100.0,77.9007,50.4945
164,2.24976,0.0103904,0.261267,55.0989,56.4572,23.9458,18.0554,61.8485,49.6606,19.3414,0.0624409,28.7834,2.83428,21.5283,39.1504,12.1835,100.0,86.92399999999998,28.5366,0.062752,0.01,0.194051,99.4291,23.2042,52.3893,0.983294,0.121874,42.1049,61.3711,99.8246,35.9121,3.39006,99.8974,0.012545,0.0100007,71.2432,1.07499,41.5014,78.9946,68.3594
165,2.2502,0.0100006,0.277443,75.1371,77.0838,91.3238,10.1711,61.9164,7.174360000000001,58.9097,0.0369279,15.6151,0.167323,2.77983,36.3069,6.7782800000000005,100.0,51.6662,27.5278,0.011542,0.01,6.885560000000001,33.6329,5.99388,97.4192,0.708462,0.0100161,100.0,18.8447,40.0695,82.0437,8.33548,18.5076,0.013162299999999998,0.0104168,26.6779,21.7563,6.41512,15.04,16.823
166,2.25022,0.111843,0.0153564,51.6895,48.5881,89.0079,96.5508,12.6821,8.70157,3.0741,24.2003,99.973,61.703,9.95885,4.467969999999998,19.1952,1.13891,53.4446,28.5587,0.0113001,0.105312,0.256127,22.4499,20.7003,19.0139,0.01,0.0100245,0.0104029,91.1556,21.3398,62.5139,14.5822,99.5336,77.686,62.0971,100.0,13.557,0.142465,52.2728,59.5683
167,2.25126,0.013600799999999998,0.0100618,97.2169,92.4558,0.637785,0.835151,5.97492,4.61054,0.8306120000000001,99.808,7.8479800000000015,12.9364,39.8439,11.7248,50.4751,1.90611,32.1025,30.3843,0.010097,0.01,0.055284,54.9991,36.0704,16.0267,0.01,0.0100032,0.0493788,9.82446,14.3382,64.4531,0.980655,85.0247,29.3007,0.032618,15.3576,0.487625,0.010051799999999998,60.0005,65.692
168,2.25408,0.044478,0.0116832,5.16666,4.91284,80.4787,42.8553,19.0298,13.2377,3.34671,34.9029,5.48519,11.3455,68.5951,0.0181528,44.4278,1.93113,89.29299999999998,100.0,2.28557,0.0153248,0.0121229,17.1113,100.0,11.5834,0.01,0.0101005,0.01,47.1081,5.61915,6.5815800000000015,0.402925,62.2949,12.7412,0.0100332,37.4726,99.9946,93.7824,34.1824,32.5865
169,2.25856,0.0309205,0.026154900000000002,47.0927,44.9437,37.9168,58.1148,43.4597,30.6551,0.463253,38.843,42.2991,0.0634355,20.7607,2.78481,29.7704,3.12273,95.9404,55.8113,0.0990344,0.0386872,22.0808,2.22895,92.9856,38.5096,0.01,0.0236536,0.0463567,86.2064,0.0217776,1.68556,2.82138,46.4712,98.0473,0.0164045,72.4812,17.9918,38.7639,69.3074,61.2964
170,2.26536,0.01,0.01,66.5521,63.142,32.0769,40.4078,32.6303,15.1605,0.926262,9.14124,59.9714,0.01,74.9289,4.85745,20.1853,0.779886,19.1604,99.9592,0.0202225,0.0133216,0.0185094,29.3117,60.6502,5.66907,0.0100002,34.6855,0.0492033,99.985,0.0140001,49.1131,2.1368,99.9997,100.0,0.0104739,26.2626,13.8447,0.246209,48.5998,74.5416
171,2.26725,0.161143,0.01,8.683760000000001,8.29996,27.227,28.9231,26.6914,21.2964,1.85241,25.2376,35.7876,0.01,7.8097,16.8785,14.1559,0.5529810000000001,14.5168,53.3222,0.01,0.0701534,48.1004,18.0007,15.5734,48.8786,0.01,0.184401,0.0365985,56.0825,0.0220189,3.5632900000000003,24.367,43.4585,2.87348,100.0,33.8013,100.0,15.0815,18.0901,17.1183
172,2.27539,0.202975,0.0102402,57.9858,53.2483,97.5104,12.3104,13.2669,9.2976,4.82877,95.5052,100.0,1.62752,100.0,0.01,3.22738,0.125554,8.31504,22.3603,0.105501,0.012288,0.709866,5.07215,97.7611,30.2986,0.01,0.0103523,0.251803,3.6812,4.85662,0.208039,0.0100064,7.71882,5.935980000000002,0.0100167,6.63628,25.5404,98.8802,20.6521,21.2725
173,2.27567,0.0101632,0.200745,43.4602,41.1109,56.9132,27.7835,44.7686,34.9032,44.3214,0.305287,19.3623,0.0222367,100.0,0.01,1.63436,99.776,97.888,100.0,0.011051299999999998,98.4,0.130804,98.1137,94.9337,0.641846,0.0100032,16.8264,100.0,14.6968,12.6645,100.0,0.107688,98.1524,37.1022,0.07096799999999999,12.9918,100.0,13.0876,50.681,43.5169
174,2.27741,0.01,0.0100256,7.01253,6.52681,12.6,23.8683,24.4301,20.4678,0.164211,100.0,9.70612,0.69412,99.2612,0.053059,3.45007,0.129651,6.69025,68.8543,0.453513,0.0190216,0.8589100000000001,2.92932,43.4809,100.0,0.01,0.0100128,0.181845,100.0,0.0100275,0.569596,1.7087,100.0,93.7113,0.0100064,7.589689999999999,13.2827,11.7777,18.1116,15.0843
175,2.28148,0.312329,0.010064,95.035,87.5665,50.4349,58.5157,57.8755,32.587,1.61422,14.7955,24.5425,0.394336,32.5817,76.4216,22.2215,0.8369280000000001,35.2713,28.2094,0.0988807,0.010896,0.53105,24.1712,14.5034,94.5934,0.01,0.0106498,0.331199,94.528,98.9392,0.745147,61.7787,100.0,54.8111,0.0153112,99.296,92.1012,2.8048900000000003,69.7198,80.253
176,2.28669,0.324337,0.01,56.407,51.5645,25.3601,46.1909,31.7998,67.6111,12.5744,100.0,87.8959,0.827303,92.7885,78.6791,100.0,3.89212,99.6004,5.32014,0.0100736,0.321624,3.02504,14.8791,36.6776,38.9269,0.699653,0.01,0.698487,100.0,0.772238,12.251,100.0,32.0365,10.0615,0.0143053,30.3591,14.4364,16.4529,71.5989,46.9167
177,2.28959,0.0217146,0.01,9.53829,8.79901,8.102030000000001,9.85335,17.0778,12.5378,0.26195,99.8651,66.9579,72.1585,99.9998,1.0889,10.8664,0.407226,17.6516,100.0,0.0201301,0.01,1.37691,1.23235,99.9912,5.63474,84.3293,0.0104,1.31748,100.0,5.19191,30.8726,0.0100016,100.0,55.0002,0.01,3.05879,99.0529,91.6865,99.9392,53.2011
178,2.28963,0.130408,0.01,89.6452,82.6721,37.472,38.8109,12.2124,0.607612,0.381667,97.6194,99.6548,78.9135,14.7805,10.649,25.6735,0.962615,29.527,88.1004,0.0104186,0.01,0.340337,0.91555,16.435,26.9011,91.7885,0.0147915,1.31958,83.6211,56.8204,100.0,9.20071,100.0,99.8086,0.0101711,13.0539,48.215,0.284183,33.3898,100.0
179,2.29088,0.197924,0.01,43.0771,39.5818,13.2198,24.7681,6.4223300000000005,5.40056,0.08092139999999999,45.9063,9.44707,0.661432,100.0,0.0174159,7.07228,0.267669,20.883000000000006,7.31889,0.01,0.01,0.720508,0.341819,4.67776,4.25202,99.6188,0.0989121,1.30621,46.0828,49.2249,1.63269,8.85772,99.9851,0.022446200000000003,0.0100007,38.9114,99.3773,81.3404,96.0192,21.3311
180,2.2909,0.0910449,0.01,18.362,16.8741,45.7046,55.0832,16.6724,12.0782,0.308912,31.611,95.6229,4.39842,99.9711,0.021286000000000003,9.94332,0.3761,27.7011,89.4303,0.0680294,0.01,4.63325,2.71632,37.7715,45.6254,57.0964,0.0550391,1.30494,47.4254,10.6302,0.412947,8.47996,100.0,92.2725,0.014984,95.4452,97.9505,9.44252,92.7122,100.0
181,2.2909900000000003,0.6121270000000001,0.01,9.97063,9.15884,38.6277,33.7571,20.8744,14.6053,0.551975,99.9985,22.1113,0.66203,95.7345,0.0177822,5.224069999999998,0.197762,14.8591,100.0,0.5010760000000001,0.01,1.99218,1.70977,18.5781,99.9846,37.5646,0.0198936,1.30568,44.7706,75.7735,45.9638,0.5449430000000001,0.0512359,99.5987,0.0202888,19.1883,11.6561,68.7231,49.0726,60.2312
182,2.29111,0.111788,0.01,6.74564,6.1952300000000005,19.056,14.0039,31.6019,15.1987,1.1381,87.5468,86.5549,14.6163,83.7103,0.0220463,3.05013,0.115549,8.816889999999997,11.9911,0.0108024,0.01,2.91443,8.02098,11.0674,15.0526,99.9987,0.0119604,1.30462,100.0,0.01,0.566396,9.92355,40.1257,22.2295,0.0138381,85.0266,48.6146,7.30952,34.9808,99.9381
183,2.29124,0.168406,0.01,13.5579,12.4602,30.7906,20.404,42.9247,28.0991,0.0778081,67.793,20.5849,0.23990300000000006,80.0547,0.01,17.2286,0.651452,46.5196,99.904,1.2566,0.01,1.50319,3.01065,2.57952,19.1177,96.01,0.0419998,1.30631,19.3812,4.60246,0.0126086,0.0926255,10.5661,14.8723,0.0261941,45.6343,100.0,25.4401,38.7462,27.8527
184,2.29136,0.513188,0.01,83.4985,76.8259,75.3137,91.9847,97.8063,78.3761,0.467563,18.7871,12.4596,7.415189999999999,0.286213,0.80957,63.5056,2.40053,100.0,99.7396,0.0100001,0.01,0.59511,6.42295,13.2504,96.2235,99.9999,0.0742292,1.3008,99.9372,99.9481,3.39202,99.9106,13.4932,81.7798,0.0140115,68.3851,100.0,36.0503,58.7644,62.3868
185,2.29156,0.446361,0.01,15.3844,14.0376,11.4803,41.6341,19.6116,16.79,0.11041199999999997,100.0,97.3949,7.09462,100.0,0.010048,3.3090300000000004,0.128473,100.0,100.0,0.06651900000000001,0.01,4.05415,1.0663,72.4854,0.6941470000000001,59.7402,1.20614,1.31286,99.9926,10.974,23.7502,4.95431,4.33293,99.9987,0.175146,60.381,23.5399,22.265,78.7413,28.5858
186,2.29237,0.65073,0.010144,60.4212,55.0765,26.8172,31.5704,43.9344,42.4539,3.18337,62.2661,98.8992,0.0104226,39.1131,0.08000399999999999,1.07347,0.0422346,99.936,98.9073,0.0100289,0.0105894,0.0828867,15.3316,6.58995,48.691,0.01,0.08199450000000001,0.408108,96.2549,79.2406,0.8226479999999999,3.78119,0.253731,100.0,0.0246672,3.714,59.4438,3.67925,35.1722,33.8252
187,2.29456,0.0100009,0.0100022,63.3477,66.3905,47.0377,54.8943,64.0797,60.7435,4.10609,100.0,99.639,15.2581,37.8955,34.138000000000005,83.3675,2.96071,19.8354,17.5086,0.0100023,0.01,0.463014,16.9599,31.0366,37.2039,0.01,0.013712899999999998,0.01,39.5862,23.551,76.9109,5.32302,21.9059,99.1475,0.01,61.9062,30.8209,55.0273,89.0303,92.6969
188,2.29561,0.34065300000000004,0.0101536,22.419,20.7668,34.3199,40.0771,23.1198,26.445,0.32009,95.584,97.936,0.0206206,98.3306,0.393047,16.2596,0.618804,31.1315,97.3386,0.0133651,0.0456089,0.0416026,1.49423,25.55,29.6789,0.847057,2.23029,1.3045,91.6719,89.0917,60.9611,15.1509,40.0288,99.2,0.0102726,98.0809,8.93909,0.01,99.272,77.4485
189,2.29792,0.0289265,0.21212,10.8667,10.2306,91.1146,18.5712,9.25874,5.97505,97.9016,0.08925989999999999,23.0417,0.07645679999999999,99.9324,0.108347,0.350259,100.0,20.7723,13.4364,0.0104358,99.3532,0.034264800000000005,87.7958,100.0,4.7472,0.0153279,99.6044,100.0,51.8222,14.0234,100.0,0.248241,99.9993,4.06376,0.0140006,41.1996,11.3617,1.22609,21.6954,23.847
190,2.3075900000000003,0.011329700000000002,0.0224966,30.2953,28.524,99.872,31.0876,22.0686,16.354,22.7017,0.0115443,92.8704,4.35345,99.9616,1.19197,24.5498,2.9582200000000003,67.1403,100.0,0.228516,95.8016,0.01,100.0,99.7571,3.19433,0.0975433,99.9936,100.0,45.0194,6.22821,78.0512,0.0202288,100.0,0.01,26.0333,0.01,0.522859,11.4975,59.5591,99.52
191,2.30767,0.240531,0.01,6.49865,6.11503,20.284,16.4093,39.3974,80.5169,99.9866,0.127602,48.7738,17.7075,99.0666,3.66806,52.9449,2.63662,99.9989,100.0,0.13278,99.776,0.06849680000000001,99.9705,37.8383,25.2218,0.0955607,99.9056,99.9905,100.0,11.7333,0.5917140000000001,0.399879,48.4468,0.01,16.5337,0.0100022,100.0,30.248,100.0,46.7645
192,2.30778,1.56742,0.014200999999999997,77.9071,73.2483,16.3895,11.8363,10.6845,8.317680000000001,80.8694,0.17516700000000002,1.7922,1.6947,75.6858,0.025742900000000003,17.5618,1.28032,55.1615,99.2864,0.0100449,99.9977,0.010000299999999998,99.8246,0.5927140000000001,66.5592,0.244986,99.7569,98.0189,21.0374,17.1658,1.11896,0.0109338,0.0109566,0.0102112,27.9343,0.0106292,0.0119531,91.8402,32.9924,61.4546
193,2.30781,0.730477,0.017080900000000003,45.8405,43.0379,20.4556,16.0261,16.826,13.065,99.84,0.125347,100.0,58.8752,99.9229,0.0150385,8.6649,0.773469,32.4859,66.9994,0.0132539,100.0,0.01,99.9933,10.7281,9.92899,0.159725,100.0,97.7647,99.999,100.0,3.48855,7.365589999999999,44.1461,0.01,34.0512,0.01,0.14135799999999998,0.226069,74.0298,69.5097
194,2.32273,0.0695471,0.010005799999999999,35.1351,32.2546,8.56974,5.90683,63.6983,86.7582,25.338,3.25305,100.0,0.0100806,99.9645,0.010556900000000001,26.8805,1.33461,99.9999,100.0,0.01,100.0,0.010262299999999999,100.0,68.3255,23.9972,2.45953,11.033,1.24704,91.4299,8.91752,1.23156,4.91847,100.0,0.0730777,63.7988,0.01,99.7508,0.186941,73.7669,40.5374
195,2.3231599999999997,0.0103175,0.0144036,36.4375,35.755,2.85469,2.26182,0.11250399999999999,0.0820316,87.6773,0.667925,6.052309999999999,4.84708,2.13866,58.3053,95.7621,7.239310000000001,52.0008,86.1197,0.019446400000000003,99.9411,0.01,95.0648,1.7566400000000002,59.8661,0.21675,99.7875,99.4804,0.154656,64.0033,23.6425,0.0116405,5.67258,0.0101,5.16022,0.0100686,23.4593,74.7118,71.8174,88.3406
196,2.32579,0.01,0.01,16.6694,15.5911,14.7957,19.0545,26.1562,19.1731,0.910092,99.9413,10.7185,12.67,19.3099,0.0233608,2.58461,0.0934712,4.25177,99.6827,0.100758,0.01,0.142011,5.3545,11.2584,19.9969,14.9819,100.0,99.904,99.9953,0.0100418,0.176063,0.34632399999999997,72.6525,100.0,0.0103084,11.0972,2.36991,30.4483,62.4355,99.68
197,2.33228,0.698624,0.204533,77.7147,72.1532,4.888240000000001,99.9962,5.9383,23.7329,97.0672,0.443405,83.7944,5.7285,0.830766,0.01,1.29119,98.3135,99.7914,100.0,0.175988,99.9301,0.0110191,99.7658,2.148,6.281540000000001,0.300722,100.0,100.0,100.0,99.9706,7.4599,35.5116,12.5855,0.18116400000000002,0.0109536,46.7551,6.06018,54.6013,13.4962,6.176819999999999
198,2.34844,0.0187334,0.01,37.9727,35.9853,26.0115,50.8787,27.0057,21.7691,4.08253,100.0,99.87200000000001,0.010048999999999999,99.9603,0.514536,51.8331,2.71874,96.4717,97.3677,0.01,5.45,51.008,12.4905,99.264,1.90464,0.01,97.7265,0.01,54.7228,10.2566,100.0,0.0102408,100.0,0.05820319999999999,0.01008,52.0305,2.54662,99.9937,52.6884,42.6972
199,2.41165,0.388191,0.010314499999999999,87.4281,80.2349,48.2092,58.4375,95.0696,100.0,3.48575,26.443,100.0,0.01,99.319,30.2338,0.507304,0.0288251,1.48918,81.8028,22.2157,51.4096,0.0197072,84.1054,23.1046,23.1514,72.9097,0.111622,0.812127,21.2671,3.97031,8.41591,16.2797,6.851139999999999,98.6969,0.09547610000000001,25.0446,76.4111,4.59936,16.6091,15.544
