	simulationConditionId	time	observableId	measurement	noiseParameters
0	dyn_MCF7	0.0	obs_Akt	1.2073266252608077	sd_Akt
1	stab_MCF7	0.0	obs_Akt	1.2073266252608077	sd_Akt
2	stab_MCF7	900.0	obs_Akt	1.2073266252608077	sd_Akt
3	stab_MCF7	1800.0	obs_Akt	1.2073266252608077	sd_Akt
4	stab_MCF7	3600.0	obs_Akt	1.2073266252608077	sd_Akt
5	stab_MCF7	5400.0	obs_Akt	1.2073266252608077	sd_Akt
6	stab_MCF7	7200.0	obs_Akt	1.2073266252608077	sd_Akt
7	dyn_MCF7	0.0	obs_Akt	0.9935822939822733	sd_Akt
8	stab_MCF7	0.0	obs_Akt	0.9935822939822733	sd_Akt
9	stab_MCF7	900.0	obs_Akt	0.9935822939822733	sd_Akt
10	stab_MCF7	1800.0	obs_Akt	0.9935822939822733	sd_Akt
11	stab_MCF7	3600.0	obs_Akt	0.9935822939822733	sd_Akt
12	stab_MCF7	5400.0	obs_Akt	0.9935822939822733	sd_Akt
13	stab_MCF7	7200.0	obs_Akt	0.9935822939822733	sd_Akt
14	dyn_MCF7	0.0	obs_Akt	1.1179918667954956	sd_Akt
15	stab_MCF7	0.0	obs_Akt	1.1179918667954956	sd_Akt
16	stab_MCF7	900.0	obs_Akt	1.1179918667954956	sd_Akt
17	stab_MCF7	1800.0	obs_Akt	1.1179918667954956	sd_Akt
18	stab_MCF7	3600.0	obs_Akt	1.1179918667954956	sd_Akt
19	stab_MCF7	5400.0	obs_Akt	1.1179918667954956	sd_Akt
20	stab_MCF7	7200.0	obs_Akt	1.1179918667954956	sd_Akt
21	dyn_MCF7	0.0	obs_Akt	1.2148917702825455	sd_Akt
22	stab_MCF7	0.0	obs_Akt	1.2148917702825455	sd_Akt
23	stab_MCF7	900.0	obs_Akt	1.2148917702825455	sd_Akt
24	stab_MCF7	1800.0	obs_Akt	1.2148917702825455	sd_Akt
25	stab_MCF7	3600.0	obs_Akt	1.2148917702825455	sd_Akt
26	stab_MCF7	5400.0	obs_Akt	1.2148917702825455	sd_Akt
27	stab_MCF7	7200.0	obs_Akt	1.2148917702825455	sd_Akt
28	dyn_MCF7	0.0	obs_AktpT308	0.21349822493493023	sd_AktpT308
29	stab_MCF7	0.0	obs_AktpT308	0.21349822493493023	sd_AktpT308
30	stab_MCF7	900.0	obs_AktpT308	0.21349822493493023	sd_AktpT308
31	stab_MCF7	1800.0	obs_AktpT308	0.21349822493493023	sd_AktpT308
32	stab_MCF7	3600.0	obs_AktpT308	0.21349822493493023	sd_AktpT308
33	stab_MCF7	5400.0	obs_AktpT308	0.21349822493493023	sd_AktpT308
34	stab_MCF7	7200.0	obs_AktpT308	0.21349822493493023	sd_AktpT308
35	dyn_MCF7	0.0	obs_AktpT308	0.7273213345794074	sd_AktpT308
36	stab_MCF7	0.0	obs_AktpT308	0.7273213345794074	sd_AktpT308
37	stab_MCF7	900.0	obs_AktpT308	0.7273213345794074	sd_AktpT308
38	stab_MCF7	1800.0	obs_AktpT308	0.7273213345794074	sd_AktpT308
39	stab_MCF7	3600.0	obs_AktpT308	0.7273213345794074	sd_AktpT308
40	stab_MCF7	5400.0	obs_AktpT308	0.7273213345794074	sd_AktpT308
41	stab_MCF7	7200.0	obs_AktpT308	0.7273213345794074	sd_AktpT308
42	dyn_MCF7	0.0	obs_AktpT308	0.7198819085135226	sd_AktpT308
43	stab_MCF7	0.0	obs_AktpT308	0.7198819085135226	sd_AktpT308
44	stab_MCF7	900.0	obs_AktpT308	0.7198819085135226	sd_AktpT308
45	stab_MCF7	1800.0	obs_AktpT308	0.7198819085135226	sd_AktpT308
46	stab_MCF7	3600.0	obs_AktpT308	0.7198819085135226	sd_AktpT308
47	stab_MCF7	5400.0	obs_AktpT308	0.7198819085135226	sd_AktpT308
48	stab_MCF7	7200.0	obs_AktpT308	0.7198819085135226	sd_AktpT308
49	dyn_MCF7	0.0	obs_PRAS40	0.7568469241483499	sd_PRAS40
50	stab_MCF7	0.0	obs_PRAS40	0.7568469241483499	sd_PRAS40
51	stab_MCF7	900.0	obs_PRAS40	0.7568469241483499	sd_PRAS40
52	stab_MCF7	1800.0	obs_PRAS40	0.7568469241483499	sd_PRAS40
53	stab_MCF7	3600.0	obs_PRAS40	0.7568469241483499	sd_PRAS40
54	stab_MCF7	5400.0	obs_PRAS40	0.7568469241483499	sd_PRAS40
55	stab_MCF7	7200.0	obs_PRAS40	0.7568469241483499	sd_PRAS40
56	dyn_MCF7	0.0	obs_PRAS40	0.6534709416579261	sd_PRAS40
57	stab_MCF7	0.0	obs_PRAS40	0.6534709416579261	sd_PRAS40
58	stab_MCF7	900.0	obs_PRAS40	0.6534709416579261	sd_PRAS40
59	stab_MCF7	1800.0	obs_PRAS40	0.6534709416579261	sd_PRAS40
60	stab_MCF7	3600.0	obs_PRAS40	0.6534709416579261	sd_PRAS40
61	stab_MCF7	5400.0	obs_PRAS40	0.6534709416579261	sd_PRAS40
62	stab_MCF7	7200.0	obs_PRAS40	0.6534709416579261	sd_PRAS40
63	dyn_MCF7	0.0	obs_PRAS40	0.5083501638513961	sd_PRAS40
64	stab_MCF7	0.0	obs_PRAS40	0.5083501638513961	sd_PRAS40
65	stab_MCF7	900.0	obs_PRAS40	0.5083501638513961	sd_PRAS40
66	stab_MCF7	1800.0	obs_PRAS40	0.5083501638513961	sd_PRAS40
67	stab_MCF7	3600.0	obs_PRAS40	0.5083501638513961	sd_PRAS40
68	stab_MCF7	5400.0	obs_PRAS40	0.5083501638513961	sd_PRAS40
69	stab_MCF7	7200.0	obs_PRAS40	0.5083501638513961	sd_PRAS40
70	dyn_MCF7	0.0	obs_PRAS40	0.7559049581903746	sd_PRAS40
71	stab_MCF7	0.0	obs_PRAS40	0.7559049581903746	sd_PRAS40
72	stab_MCF7	900.0	obs_PRAS40	0.7559049581903746	sd_PRAS40
73	stab_MCF7	1800.0	obs_PRAS40	0.7559049581903746	sd_PRAS40
74	stab_MCF7	3600.0	obs_PRAS40	0.7559049581903746	sd_PRAS40
75	stab_MCF7	5400.0	obs_PRAS40	0.7559049581903746	sd_PRAS40
76	stab_MCF7	7200.0	obs_PRAS40	0.7559049581903746	sd_PRAS40
77	dyn_MCF7	0.0	obs_PRAS40pT246	0.2541043306871342	sd_PRAS40pT246
78	stab_MCF7	0.0	obs_PRAS40pT246	0.2541043306871342	sd_PRAS40pT246
79	stab_MCF7	900.0	obs_PRAS40pT246	0.2541043306871342	sd_PRAS40pT246
80	stab_MCF7	1800.0	obs_PRAS40pT246	0.2541043306871342	sd_PRAS40pT246
81	stab_MCF7	3600.0	obs_PRAS40pT246	0.2541043306871342	sd_PRAS40pT246
82	stab_MCF7	5400.0	obs_PRAS40pT246	0.2541043306871342	sd_PRAS40pT246
83	stab_MCF7	7200.0	obs_PRAS40pT246	0.2541043306871342	sd_PRAS40pT246
84	dyn_MCF7	0.0	obs_PRAS40pT246	0.4165097075895356	sd_PRAS40pT246
85	stab_MCF7	0.0	obs_PRAS40pT246	0.4165097075895356	sd_PRAS40pT246
86	stab_MCF7	900.0	obs_PRAS40pT246	0.4165097075895356	sd_PRAS40pT246
87	stab_MCF7	1800.0	obs_PRAS40pT246	0.4165097075895356	sd_PRAS40pT246
88	stab_MCF7	3600.0	obs_PRAS40pT246	0.4165097075895356	sd_PRAS40pT246
89	stab_MCF7	5400.0	obs_PRAS40pT246	0.4165097075895356	sd_PRAS40pT246
90	stab_MCF7	7200.0	obs_PRAS40pT246	0.4165097075895356	sd_PRAS40pT246
91	dyn_MCF7	0.0	obs_PRAS40pT246	0.16793164103916217	sd_PRAS40pT246
92	stab_MCF7	0.0	obs_PRAS40pT246	0.16793164103916217	sd_PRAS40pT246
93	stab_MCF7	900.0	obs_PRAS40pT246	0.16793164103916217	sd_PRAS40pT246
94	stab_MCF7	1800.0	obs_PRAS40pT246	0.16793164103916217	sd_PRAS40pT246
95	stab_MCF7	3600.0	obs_PRAS40pT246	0.16793164103916217	sd_PRAS40pT246
96	stab_MCF7	5400.0	obs_PRAS40pT246	0.16793164103916217	sd_PRAS40pT246
97	stab_MCF7	7200.0	obs_PRAS40pT246	0.16793164103916217	sd_PRAS40pT246
98	dyn_MCF7	0.0	obs_PRAS40pT246	0.28932366228948864	sd_PRAS40pT246
99	stab_MCF7	0.0	obs_PRAS40pT246	0.28932366228948864	sd_PRAS40pT246
100	stab_MCF7	900.0	obs_PRAS40pT246	0.28932366228948864	sd_PRAS40pT246
101	stab_MCF7	1800.0	obs_PRAS40pT246	0.28932366228948864	sd_PRAS40pT246
102	stab_MCF7	3600.0	obs_PRAS40pT246	0.28932366228948864	sd_PRAS40pT246
103	stab_MCF7	5400.0	obs_PRAS40pT246	0.28932366228948864	sd_PRAS40pT246
104	stab_MCF7	7200.0	obs_PRAS40pT246	0.28932366228948864	sd_PRAS40pT246
105	dyn_MCF7	0.0	obs_S6K	0.8637969785163304	sd_S6K
106	stab_MCF7	0.0	obs_S6K	0.8637969785163304	sd_S6K
107	stab_MCF7	900.0	obs_S6K	0.8637969785163304	sd_S6K
108	stab_MCF7	1800.0	obs_S6K	0.8637969785163304	sd_S6K
109	stab_MCF7	3600.0	obs_S6K	0.8637969785163304	sd_S6K
110	stab_MCF7	5400.0	obs_S6K	0.8637969785163304	sd_S6K
111	stab_MCF7	7200.0	obs_S6K	0.8637969785163304	sd_S6K
112	dyn_MCF7	0.0	obs_S6K	0.9422970791444505	sd_S6K
113	stab_MCF7	0.0	obs_S6K	0.9422970791444505	sd_S6K
114	stab_MCF7	900.0	obs_S6K	0.9422970791444505	sd_S6K
115	stab_MCF7	1800.0	obs_S6K	0.9422970791444505	sd_S6K
116	stab_MCF7	3600.0	obs_S6K	0.9422970791444505	sd_S6K
117	stab_MCF7	5400.0	obs_S6K	0.9422970791444505	sd_S6K
118	stab_MCF7	7200.0	obs_S6K	0.9422970791444505	sd_S6K
119	dyn_MCF7	0.0	obs_S6K	1.6457831293437744	sd_S6K
120	stab_MCF7	0.0	obs_S6K	1.6457831293437744	sd_S6K
121	stab_MCF7	900.0	obs_S6K	1.6457831293437744	sd_S6K
122	stab_MCF7	1800.0	obs_S6K	1.6457831293437744	sd_S6K
123	stab_MCF7	3600.0	obs_S6K	1.6457831293437744	sd_S6K
124	stab_MCF7	5400.0	obs_S6K	1.6457831293437744	sd_S6K
125	stab_MCF7	7200.0	obs_S6K	1.6457831293437744	sd_S6K
126	dyn_MCF7	0.0	obs_S6K	1.114283207323206	sd_S6K
127	stab_MCF7	0.0	obs_S6K	1.114283207323206	sd_S6K
128	stab_MCF7	900.0	obs_S6K	1.114283207323206	sd_S6K
129	stab_MCF7	1800.0	obs_S6K	1.114283207323206	sd_S6K
130	stab_MCF7	3600.0	obs_S6K	1.114283207323206	sd_S6K
131	stab_MCF7	5400.0	obs_S6K	1.114283207323206	sd_S6K
132	stab_MCF7	7200.0	obs_S6K	1.114283207323206	sd_S6K
133	dyn_MCF7	0.0	obs_S6KpT389	0.3769749492039018	sd_S6KpT389
134	stab_MCF7	0.0	obs_S6KpT389	0.3769749492039018	sd_S6KpT389
135	stab_MCF7	900.0	obs_S6KpT389	0.3769749492039018	sd_S6KpT389
136	stab_MCF7	1800.0	obs_S6KpT389	0.3769749492039018	sd_S6KpT389
137	stab_MCF7	3600.0	obs_S6KpT389	0.3769749492039018	sd_S6KpT389
138	stab_MCF7	5400.0	obs_S6KpT389	0.3769749492039018	sd_S6KpT389
139	stab_MCF7	7200.0	obs_S6KpT389	0.3769749492039018	sd_S6KpT389
140	dyn_MCF7	0.0	obs_S6KpT389	0.5720482158062276	sd_S6KpT389
141	stab_MCF7	0.0	obs_S6KpT389	0.5720482158062276	sd_S6KpT389
142	stab_MCF7	900.0	obs_S6KpT389	0.5720482158062276	sd_S6KpT389
143	stab_MCF7	1800.0	obs_S6KpT389	0.5720482158062276	sd_S6KpT389
144	stab_MCF7	3600.0	obs_S6KpT389	0.5720482158062276	sd_S6KpT389
145	stab_MCF7	5400.0	obs_S6KpT389	0.5720482158062276	sd_S6KpT389
146	stab_MCF7	7200.0	obs_S6KpT389	0.5720482158062276	sd_S6KpT389
147	dyn_MCF7	0.0	obs_S6KpT389	0.19891043973128752	sd_S6KpT389
148	stab_MCF7	0.0	obs_S6KpT389	0.19891043973128752	sd_S6KpT389
149	stab_MCF7	900.0	obs_S6KpT389	0.19891043973128752	sd_S6KpT389
150	stab_MCF7	1800.0	obs_S6KpT389	0.19891043973128752	sd_S6KpT389
151	stab_MCF7	3600.0	obs_S6KpT389	0.19891043973128752	sd_S6KpT389
152	stab_MCF7	5400.0	obs_S6KpT389	0.19891043973128752	sd_S6KpT389
153	stab_MCF7	7200.0	obs_S6KpT389	0.19891043973128752	sd_S6KpT389
154	dyn_MCF7	0.0	obs_S6KpT389	0.8306562947256706	sd_S6KpT389
155	stab_MCF7	0.0	obs_S6KpT389	0.8306562947256706	sd_S6KpT389
156	stab_MCF7	900.0	obs_S6KpT389	0.8306562947256706	sd_S6KpT389
157	stab_MCF7	1800.0	obs_S6KpT389	0.8306562947256706	sd_S6KpT389
158	stab_MCF7	3600.0	obs_S6KpT389	0.8306562947256706	sd_S6KpT389
159	stab_MCF7	5400.0	obs_S6KpT389	0.8306562947256706	sd_S6KpT389
160	stab_MCF7	7200.0	obs_S6KpT389	0.8306562947256706	sd_S6KpT389
161	dyn_MCF7	0.0	obs_TSC2	2.041127827342627	sd_TSC2
162	stab_MCF7	0.0	obs_TSC2	2.041127827342627	sd_TSC2
163	stab_MCF7	900.0	obs_TSC2	2.041127827342627	sd_TSC2
164	stab_MCF7	1800.0	obs_TSC2	2.041127827342627	sd_TSC2
165	stab_MCF7	3600.0	obs_TSC2	2.041127827342627	sd_TSC2
166	stab_MCF7	5400.0	obs_TSC2	2.041127827342627	sd_TSC2
167	stab_MCF7	7200.0	obs_TSC2	2.041127827342627	sd_TSC2
168	dyn_MCF7	0.0	obs_TSC2	0.7205873182584025	sd_TSC2
169	stab_MCF7	0.0	obs_TSC2	0.7205873182584025	sd_TSC2
170	stab_MCF7	900.0	obs_TSC2	0.7205873182584025	sd_TSC2
171	stab_MCF7	1800.0	obs_TSC2	0.7205873182584025	sd_TSC2
172	stab_MCF7	3600.0	obs_TSC2	0.7205873182584025	sd_TSC2
173	stab_MCF7	5400.0	obs_TSC2	0.7205873182584025	sd_TSC2
174	stab_MCF7	7200.0	obs_TSC2	0.7205873182584025	sd_TSC2
175	dyn_MCF7	0.0	obs_TSC2	1.1832449506979554	sd_TSC2
176	stab_MCF7	0.0	obs_TSC2	1.1832449506979554	sd_TSC2
177	stab_MCF7	900.0	obs_TSC2	1.1832449506979554	sd_TSC2
178	stab_MCF7	1800.0	obs_TSC2	1.1832449506979554	sd_TSC2
179	stab_MCF7	3600.0	obs_TSC2	1.1832449506979554	sd_TSC2
180	stab_MCF7	5400.0	obs_TSC2	1.1832449506979554	sd_TSC2
181	stab_MCF7	7200.0	obs_TSC2	1.1832449506979554	sd_TSC2
182	dyn_MCF7	0.0	obs_TSC2	1.1463496312412598	sd_TSC2
183	stab_MCF7	0.0	obs_TSC2	1.1463496312412598	sd_TSC2
184	stab_MCF7	900.0	obs_TSC2	1.1463496312412598	sd_TSC2
185	stab_MCF7	1800.0	obs_TSC2	1.1463496312412598	sd_TSC2
186	stab_MCF7	3600.0	obs_TSC2	1.1463496312412598	sd_TSC2
187	stab_MCF7	5400.0	obs_TSC2	1.1463496312412598	sd_TSC2
188	stab_MCF7	7200.0	obs_TSC2	1.1463496312412598	sd_TSC2
189	dyn_MCF7	0.0	obs_TSC2pT1462	0.420450847541306	sd_TSC2pT1462
190	stab_MCF7	0.0	obs_TSC2pT1462	0.420450847541306	sd_TSC2pT1462
191	stab_MCF7	900.0	obs_TSC2pT1462	0.420450847541306	sd_TSC2pT1462
192	stab_MCF7	1800.0	obs_TSC2pT1462	0.420450847541306	sd_TSC2pT1462
193	stab_MCF7	3600.0	obs_TSC2pT1462	0.420450847541306	sd_TSC2pT1462
194	stab_MCF7	5400.0	obs_TSC2pT1462	0.420450847541306	sd_TSC2pT1462
195	stab_MCF7	7200.0	obs_TSC2pT1462	0.420450847541306	sd_TSC2pT1462
196	dyn_MCF7	0.0	obs_TSC2pT1462	0.796424102945952	sd_TSC2pT1462
197	stab_MCF7	0.0	obs_TSC2pT1462	0.796424102945952	sd_TSC2pT1462
198	stab_MCF7	900.0	obs_TSC2pT1462	0.796424102945952	sd_TSC2pT1462
199	stab_MCF7	1800.0	obs_TSC2pT1462	0.796424102945952	sd_TSC2pT1462
200	stab_MCF7	3600.0	obs_TSC2pT1462	0.796424102945952	sd_TSC2pT1462
201	stab_MCF7	5400.0	obs_TSC2pT1462	0.796424102945952	sd_TSC2pT1462
202	stab_MCF7	7200.0	obs_TSC2pT1462	0.796424102945952	sd_TSC2pT1462
203	dyn_MCF7	0.0	obs_TSC2pT1462	0.4202447218977408	sd_TSC2pT1462
204	stab_MCF7	0.0	obs_TSC2pT1462	0.4202447218977408	sd_TSC2pT1462
205	stab_MCF7	900.0	obs_TSC2pT1462	0.4202447218977408	sd_TSC2pT1462
206	stab_MCF7	1800.0	obs_TSC2pT1462	0.4202447218977408	sd_TSC2pT1462
207	stab_MCF7	3600.0	obs_TSC2pT1462	0.4202447218977408	sd_TSC2pT1462
208	stab_MCF7	5400.0	obs_TSC2pT1462	0.4202447218977408	sd_TSC2pT1462
209	stab_MCF7	7200.0	obs_TSC2pT1462	0.4202447218977408	sd_TSC2pT1462
210	dyn_MCF7	0.0	obs_TSC2pT1462	0.6220932866870098	sd_TSC2pT1462
211	stab_MCF7	0.0	obs_TSC2pT1462	0.6220932866870098	sd_TSC2pT1462
212	stab_MCF7	900.0	obs_TSC2pT1462	0.6220932866870098	sd_TSC2pT1462
213	stab_MCF7	1800.0	obs_TSC2pT1462	0.6220932866870098	sd_TSC2pT1462
214	stab_MCF7	3600.0	obs_TSC2pT1462	0.6220932866870098	sd_TSC2pT1462
215	stab_MCF7	5400.0	obs_TSC2pT1462	0.6220932866870098	sd_TSC2pT1462
216	stab_MCF7	7200.0	obs_TSC2pT1462	0.6220932866870098	sd_TSC2pT1462
217	dyn_MCF7	0.0	obs_IRS1	0.7514302978960405	sd_IRS1
218	stab_MCF7	0.0	obs_IRS1	0.7514302978960405	sd_IRS1
219	stab_MCF7	900.0	obs_IRS1	0.7514302978960405	sd_IRS1
220	stab_MCF7	1800.0	obs_IRS1	0.7514302978960405	sd_IRS1
221	stab_MCF7	3600.0	obs_IRS1	0.7514302978960405	sd_IRS1
222	stab_MCF7	5400.0	obs_IRS1	0.7514302978960405	sd_IRS1
223	stab_MCF7	7200.0	obs_IRS1	0.7514302978960405	sd_IRS1
224	dyn_MCF7	0.0	obs_IRS1	0.8931595417217353	sd_IRS1
225	stab_MCF7	0.0	obs_IRS1	0.8931595417217353	sd_IRS1
226	stab_MCF7	900.0	obs_IRS1	0.8931595417217353	sd_IRS1
227	stab_MCF7	1800.0	obs_IRS1	0.8931595417217353	sd_IRS1
228	stab_MCF7	3600.0	obs_IRS1	0.8931595417217353	sd_IRS1
229	stab_MCF7	5400.0	obs_IRS1	0.8931595417217353	sd_IRS1
230	stab_MCF7	7200.0	obs_IRS1	0.8931595417217353	sd_IRS1
231	dyn_MCF7	0.0	obs_IRS1	1.7292762216577968	sd_IRS1
232	stab_MCF7	0.0	obs_IRS1	1.7292762216577968	sd_IRS1
233	stab_MCF7	900.0	obs_IRS1	1.7292762216577968	sd_IRS1
234	stab_MCF7	1800.0	obs_IRS1	1.7292762216577968	sd_IRS1
235	stab_MCF7	3600.0	obs_IRS1	1.7292762216577968	sd_IRS1
236	stab_MCF7	5400.0	obs_IRS1	1.7292762216577968	sd_IRS1
237	stab_MCF7	7200.0	obs_IRS1	1.7292762216577968	sd_IRS1
238	dyn_MCF7	0.0	obs_IRS1	1.3863294855945965	sd_IRS1
239	stab_MCF7	0.0	obs_IRS1	1.3863294855945965	sd_IRS1
240	stab_MCF7	900.0	obs_IRS1	1.3863294855945965	sd_IRS1
241	stab_MCF7	1800.0	obs_IRS1	1.3863294855945965	sd_IRS1
242	stab_MCF7	3600.0	obs_IRS1	1.3863294855945965	sd_IRS1
243	stab_MCF7	5400.0	obs_IRS1	1.3863294855945965	sd_IRS1
244	stab_MCF7	7200.0	obs_IRS1	1.3863294855945965	sd_IRS1
245	dyn_MCF7	0.0	obs_IRS1pS636_639	0.8458378733644507	sd_IRS1pS636_639
246	stab_MCF7	0.0	obs_IRS1pS636_639	0.8458378733644507	sd_IRS1pS636_639
247	stab_MCF7	900.0	obs_IRS1pS636_639	0.8458378733644507	sd_IRS1pS636_639
248	stab_MCF7	1800.0	obs_IRS1pS636_639	0.8458378733644507	sd_IRS1pS636_639
249	stab_MCF7	3600.0	obs_IRS1pS636_639	0.8458378733644507	sd_IRS1pS636_639
250	stab_MCF7	5400.0	obs_IRS1pS636_639	0.8458378733644507	sd_IRS1pS636_639
251	stab_MCF7	7200.0	obs_IRS1pS636_639	0.8458378733644507	sd_IRS1pS636_639
252	dyn_MCF7	0.0	obs_IRS1pS636_639	0.4868197349170287	sd_IRS1pS636_639
253	stab_MCF7	0.0	obs_IRS1pS636_639	0.4868197349170287	sd_IRS1pS636_639
254	stab_MCF7	900.0	obs_IRS1pS636_639	0.4868197349170287	sd_IRS1pS636_639
255	stab_MCF7	1800.0	obs_IRS1pS636_639	0.4868197349170287	sd_IRS1pS636_639
256	stab_MCF7	3600.0	obs_IRS1pS636_639	0.4868197349170287	sd_IRS1pS636_639
257	stab_MCF7	5400.0	obs_IRS1pS636_639	0.4868197349170287	sd_IRS1pS636_639
258	stab_MCF7	7200.0	obs_IRS1pS636_639	0.4868197349170287	sd_IRS1pS636_639
259	dyn_MCF7	0.0	obs_IRS1pS636_639	0.6758478361481121	sd_IRS1pS636_639
260	stab_MCF7	0.0	obs_IRS1pS636_639	0.6758478361481121	sd_IRS1pS636_639
261	stab_MCF7	900.0	obs_IRS1pS636_639	0.6758478361481121	sd_IRS1pS636_639
262	stab_MCF7	1800.0	obs_IRS1pS636_639	0.6758478361481121	sd_IRS1pS636_639
263	stab_MCF7	3600.0	obs_IRS1pS636_639	0.6758478361481121	sd_IRS1pS636_639
264	stab_MCF7	5400.0	obs_IRS1pS636_639	0.6758478361481121	sd_IRS1pS636_639
265	stab_MCF7	7200.0	obs_IRS1pS636_639	0.6758478361481121	sd_IRS1pS636_639
266	dyn_MCF7	0.0	obs_IRS1pS636_639	0.5347805045021728	sd_IRS1pS636_639
267	stab_MCF7	0.0	obs_IRS1pS636_639	0.5347805045021728	sd_IRS1pS636_639
268	stab_MCF7	900.0	obs_IRS1pS636_639	0.5347805045021728	sd_IRS1pS636_639
269	stab_MCF7	1800.0	obs_IRS1pS636_639	0.5347805045021728	sd_IRS1pS636_639
270	stab_MCF7	3600.0	obs_IRS1pS636_639	0.5347805045021728	sd_IRS1pS636_639
271	stab_MCF7	5400.0	obs_IRS1pS636_639	0.5347805045021728	sd_IRS1pS636_639
272	stab_MCF7	7200.0	obs_IRS1pS636_639	0.5347805045021728	sd_IRS1pS636_639
273	dyn_MCF7	0.0	obs_4E_BP1	0.49738106471352095	sd_4E_BP1
274	stab_MCF7	0.0	obs_4E_BP1	0.49738106471352095	sd_4E_BP1
275	stab_MCF7	900.0	obs_4E_BP1	0.49738106471352095	sd_4E_BP1
276	stab_MCF7	1800.0	obs_4E_BP1	0.49738106471352095	sd_4E_BP1
277	stab_MCF7	3600.0	obs_4E_BP1	0.49738106471352095	sd_4E_BP1
278	stab_MCF7	5400.0	obs_4E_BP1	0.49738106471352095	sd_4E_BP1
279	stab_MCF7	7200.0	obs_4E_BP1	0.49738106471352095	sd_4E_BP1
280	dyn_MCF7	0.0	obs_4E_BP1	0.4069930797345941	sd_4E_BP1
281	stab_MCF7	0.0	obs_4E_BP1	0.4069930797345941	sd_4E_BP1
282	stab_MCF7	900.0	obs_4E_BP1	0.4069930797345941	sd_4E_BP1
283	stab_MCF7	1800.0	obs_4E_BP1	0.4069930797345941	sd_4E_BP1
284	stab_MCF7	3600.0	obs_4E_BP1	0.4069930797345941	sd_4E_BP1
285	stab_MCF7	5400.0	obs_4E_BP1	0.4069930797345941	sd_4E_BP1
286	stab_MCF7	7200.0	obs_4E_BP1	0.4069930797345941	sd_4E_BP1
287	dyn_MCF7	0.0	obs_4E_BP1	0.3291853695565198	sd_4E_BP1
288	stab_MCF7	0.0	obs_4E_BP1	0.3291853695565198	sd_4E_BP1
289	stab_MCF7	900.0	obs_4E_BP1	0.3291853695565198	sd_4E_BP1
290	stab_MCF7	1800.0	obs_4E_BP1	0.3291853695565198	sd_4E_BP1
291	stab_MCF7	3600.0	obs_4E_BP1	0.3291853695565198	sd_4E_BP1
292	stab_MCF7	5400.0	obs_4E_BP1	0.3291853695565198	sd_4E_BP1
293	stab_MCF7	7200.0	obs_4E_BP1	0.3291853695565198	sd_4E_BP1
294	dyn_MCF7	0.0	obs_4E_BP1	1.567748602635632	sd_4E_BP1
295	stab_MCF7	0.0	obs_4E_BP1	1.567748602635632	sd_4E_BP1
296	stab_MCF7	900.0	obs_4E_BP1	1.567748602635632	sd_4E_BP1
297	stab_MCF7	1800.0	obs_4E_BP1	1.567748602635632	sd_4E_BP1
298	stab_MCF7	3600.0	obs_4E_BP1	1.567748602635632	sd_4E_BP1
299	stab_MCF7	5400.0	obs_4E_BP1	1.567748602635632	sd_4E_BP1
300	stab_MCF7	7200.0	obs_4E_BP1	1.567748602635632	sd_4E_BP1
301	dyn_MCF7	0.0	obs_4E_BP1pT37_46	0.0515928706208642	sd_4E_BP1pT37_46
302	stab_MCF7	0.0	obs_4E_BP1pT37_46	0.0515928706208642	sd_4E_BP1pT37_46
303	stab_MCF7	900.0	obs_4E_BP1pT37_46	0.0515928706208642	sd_4E_BP1pT37_46
304	stab_MCF7	1800.0	obs_4E_BP1pT37_46	0.0515928706208642	sd_4E_BP1pT37_46
305	stab_MCF7	3600.0	obs_4E_BP1pT37_46	0.0515928706208642	sd_4E_BP1pT37_46
306	stab_MCF7	5400.0	obs_4E_BP1pT37_46	0.0515928706208642	sd_4E_BP1pT37_46
307	stab_MCF7	7200.0	obs_4E_BP1pT37_46	0.0515928706208642	sd_4E_BP1pT37_46
308	dyn_MCF7	0.0	obs_4E_BP1pT37_46	0.3686147119271328	sd_4E_BP1pT37_46
309	stab_MCF7	0.0	obs_4E_BP1pT37_46	0.3686147119271328	sd_4E_BP1pT37_46
310	stab_MCF7	900.0	obs_4E_BP1pT37_46	0.3686147119271328	sd_4E_BP1pT37_46
311	stab_MCF7	1800.0	obs_4E_BP1pT37_46	0.3686147119271328	sd_4E_BP1pT37_46
312	stab_MCF7	3600.0	obs_4E_BP1pT37_46	0.3686147119271328	sd_4E_BP1pT37_46
313	stab_MCF7	5400.0	obs_4E_BP1pT37_46	0.3686147119271328	sd_4E_BP1pT37_46
314	stab_MCF7	7200.0	obs_4E_BP1pT37_46	0.3686147119271328	sd_4E_BP1pT37_46
315	dyn_MCF7	0.0	obs_4E_BP1pT37_46	0.05686398714222119	sd_4E_BP1pT37_46
316	stab_MCF7	0.0	obs_4E_BP1pT37_46	0.05686398714222119	sd_4E_BP1pT37_46
317	stab_MCF7	900.0	obs_4E_BP1pT37_46	0.05686398714222119	sd_4E_BP1pT37_46
318	stab_MCF7	1800.0	obs_4E_BP1pT37_46	0.05686398714222119	sd_4E_BP1pT37_46
319	stab_MCF7	3600.0	obs_4E_BP1pT37_46	0.05686398714222119	sd_4E_BP1pT37_46
320	stab_MCF7	5400.0	obs_4E_BP1pT37_46	0.05686398714222119	sd_4E_BP1pT37_46
321	stab_MCF7	7200.0	obs_4E_BP1pT37_46	0.05686398714222119	sd_4E_BP1pT37_46
322	dyn_MCF7	0.0	obs_4E_BP1pT37_46	0.48492869438437664	sd_4E_BP1pT37_46
323	stab_MCF7	0.0	obs_4E_BP1pT37_46	0.48492869438437664	sd_4E_BP1pT37_46
324	stab_MCF7	900.0	obs_4E_BP1pT37_46	0.48492869438437664	sd_4E_BP1pT37_46
325	stab_MCF7	1800.0	obs_4E_BP1pT37_46	0.48492869438437664	sd_4E_BP1pT37_46
326	stab_MCF7	3600.0	obs_4E_BP1pT37_46	0.48492869438437664	sd_4E_BP1pT37_46
327	stab_MCF7	5400.0	obs_4E_BP1pT37_46	0.48492869438437664	sd_4E_BP1pT37_46
328	stab_MCF7	7200.0	obs_4E_BP1pT37_46	0.48492869438437664	sd_4E_BP1pT37_46
329	dyn_MCF7	900.0	obs_Akt	1.2181288068111045	sd_Akt
330	dyn_MCF7	900.0	obs_Akt	1.3641402214690768	sd_Akt
331	dyn_MCF7	900.0	obs_Akt	1.1189178859373394	sd_Akt
332	dyn_MCF7	900.0	obs_Akt	1.3267472955207507	sd_Akt
333	dyn_MCF7	900.0	obs_AktpT308	0.6928593227297135	sd_AktpT308
334	dyn_MCF7	900.0	obs_AktpT308	1.126274536983501	sd_AktpT308
335	dyn_MCF7	900.0	obs_AktpT308	1.1321430943730424	sd_AktpT308
336	dyn_MCF7	900.0	obs_PRAS40	0.8286353178775709	sd_PRAS40
337	dyn_MCF7	900.0	obs_PRAS40	0.877404807336134	sd_PRAS40
338	dyn_MCF7	900.0	obs_PRAS40	0.7135474589703071	sd_PRAS40
339	dyn_MCF7	900.0	obs_PRAS40	1.0582265459868863	sd_PRAS40
340	dyn_MCF7	900.0	obs_PRAS40pT246	1.1211528309411833	sd_PRAS40pT246
341	dyn_MCF7	900.0	obs_PRAS40pT246	0.9706583372219375	sd_PRAS40pT246
342	dyn_MCF7	900.0	obs_PRAS40pT246	0.8011717834032368	sd_PRAS40pT246
343	dyn_MCF7	900.0	obs_PRAS40pT246	1.0206920584381116	sd_PRAS40pT246
344	dyn_MCF7	900.0	obs_S6K	1.1407523216043651	sd_S6K
345	dyn_MCF7	900.0	obs_S6K	1.6237895987097901	sd_S6K
346	dyn_MCF7	900.0	obs_S6K	1.3851882685478152	sd_S6K
347	dyn_MCF7	900.0	obs_S6K	1.4519650567137017	sd_S6K
348	dyn_MCF7	900.0	obs_S6KpT389	1.4693320902905649	sd_S6KpT389
349	dyn_MCF7	900.0	obs_S6KpT389	1.2838742731909598	sd_S6KpT389
350	dyn_MCF7	900.0	obs_S6KpT389	0.6810910787164186	sd_S6KpT389
351	dyn_MCF7	900.0	obs_S6KpT389	1.3946080484484094	sd_S6KpT389
352	dyn_MCF7	900.0	obs_TSC2	1.4736762584431047	sd_TSC2
353	dyn_MCF7	900.0	obs_TSC2	1.2767748916901926	sd_TSC2
354	dyn_MCF7	900.0	obs_TSC2	1.0838099441906404	sd_TSC2
355	dyn_MCF7	900.0	obs_TSC2	1.177690932797912	sd_TSC2
356	dyn_MCF7	900.0	obs_TSC2pT1462	1.2242507561385911	sd_TSC2pT1462
357	dyn_MCF7	900.0	obs_TSC2pT1462	1.1246927718293098	sd_TSC2pT1462
358	dyn_MCF7	900.0	obs_TSC2pT1462	1.368832125604834	sd_TSC2pT1462
359	dyn_MCF7	900.0	obs_TSC2pT1462	1.3568419993639562	sd_TSC2pT1462
360	dyn_MCF7	900.0	obs_IRS1	0.7689794529366184	sd_IRS1
361	dyn_MCF7	900.0	obs_IRS1	1.4383285487950432	sd_IRS1
362	dyn_MCF7	900.0	obs_IRS1	1.578146264184291	sd_IRS1
363	dyn_MCF7	900.0	obs_IRS1	1.3773696830712638	sd_IRS1
364	dyn_MCF7	900.0	obs_IRS1pS636_639	2.8411178922092835	sd_IRS1pS636_639
365	dyn_MCF7	900.0	obs_IRS1pS636_639	0.8992749248151718	sd_IRS1pS636_639
366	dyn_MCF7	900.0	obs_IRS1pS636_639	1.7571235624832577	sd_IRS1pS636_639
367	dyn_MCF7	900.0	obs_IRS1pS636_639	1.8496212822892015	sd_IRS1pS636_639
368	dyn_MCF7	900.0	obs_4E_BP1	0.6678971103885002	sd_4E_BP1
369	dyn_MCF7	900.0	obs_4E_BP1	0.5045254828838012	sd_4E_BP1
370	dyn_MCF7	900.0	obs_4E_BP1	0.4879257072275727	sd_4E_BP1
371	dyn_MCF7	900.0	obs_4E_BP1	0.8248072605210407	sd_4E_BP1
372	dyn_MCF7	900.0	obs_4E_BP1pT37_46	0.42595897338208477	sd_4E_BP1pT37_46
373	dyn_MCF7	900.0	obs_4E_BP1pT37_46	0.8173937123506914	sd_4E_BP1pT37_46
374	dyn_MCF7	900.0	obs_4E_BP1pT37_46	0.5529089001410628	sd_4E_BP1pT37_46
375	dyn_MCF7	900.0	obs_4E_BP1pT37_46	0.5455578793649614	sd_4E_BP1pT37_46
376	dyn_MCF7	1800.0	obs_Akt	0.9972271927351305	sd_Akt
377	dyn_MCF7	1800.0	obs_Akt	1.009567635866441	sd_Akt
378	dyn_MCF7	1800.0	obs_Akt	1.0385942356094175	sd_Akt
379	dyn_MCF7	1800.0	obs_Akt	1.0570020438649894	sd_Akt
380	dyn_MCF7	1800.0	obs_AktpT308	1.1360124967651681	sd_AktpT308
381	dyn_MCF7	1800.0	obs_AktpT308	1.3822853056104658	sd_AktpT308
382	dyn_MCF7	1800.0	obs_AktpT308	1.0428536948794034	sd_AktpT308
383	dyn_MCF7	1800.0	obs_PRAS40	0.8603196110345148	sd_PRAS40
384	dyn_MCF7	1800.0	obs_PRAS40	1.0387442955853583	sd_PRAS40
385	dyn_MCF7	1800.0	obs_PRAS40	0.7868927373900563	sd_PRAS40
386	dyn_MCF7	1800.0	obs_PRAS40	1.0410461923035357	sd_PRAS40
387	dyn_MCF7	1800.0	obs_PRAS40pT246	1.0849936370247466	sd_PRAS40pT246
388	dyn_MCF7	1800.0	obs_PRAS40pT246	1.0994179946469007	sd_PRAS40pT246
389	dyn_MCF7	1800.0	obs_PRAS40pT246	0.8833574613578712	sd_PRAS40pT246
390	dyn_MCF7	1800.0	obs_PRAS40pT246	0.9280930632011323	sd_PRAS40pT246
391	dyn_MCF7	1800.0	obs_S6K	1.2647982951100394	sd_S6K
392	dyn_MCF7	1800.0	obs_S6K	1.885722764045816	sd_S6K
393	dyn_MCF7	1800.0	obs_S6K	1.5904844927808302	sd_S6K
394	dyn_MCF7	1800.0	obs_S6K	1.382616108821205	sd_S6K
395	dyn_MCF7	1800.0	obs_S6KpT389	2.4426636452097954	sd_S6KpT389
396	dyn_MCF7	1800.0	obs_S6KpT389	2.1163413551731938	sd_S6KpT389
397	dyn_MCF7	1800.0	obs_S6KpT389	1.6232759038800302	sd_S6KpT389
398	dyn_MCF7	1800.0	obs_S6KpT389	1.5723477110118984	sd_S6KpT389
399	dyn_MCF7	1800.0	obs_TSC2	1.1915488519811424	sd_TSC2
400	dyn_MCF7	1800.0	obs_TSC2	1.283049915031646	sd_TSC2
401	dyn_MCF7	1800.0	obs_TSC2	1.0973236374542348	sd_TSC2
402	dyn_MCF7	1800.0	obs_TSC2	1.153643144356733	sd_TSC2
403	dyn_MCF7	1800.0	obs_TSC2pT1462	1.3823520578832935	sd_TSC2pT1462
404	dyn_MCF7	1800.0	obs_TSC2pT1462	1.1839283508275869	sd_TSC2pT1462
405	dyn_MCF7	1800.0	obs_TSC2pT1462	1.20446605024369	sd_TSC2pT1462
406	dyn_MCF7	1800.0	obs_TSC2pT1462	1.2493247991470133	sd_TSC2pT1462
407	dyn_MCF7	1800.0	obs_IRS1	0.9013945999377917	sd_IRS1
408	dyn_MCF7	1800.0	obs_IRS1	1.2068360819078419	sd_IRS1
409	dyn_MCF7	1800.0	obs_IRS1	1.0205528078801858	sd_IRS1
410	dyn_MCF7	1800.0	obs_IRS1	1.6689811317194807	sd_IRS1
411	dyn_MCF7	1800.0	obs_IRS1pS636_639	1.4745552427480506	sd_IRS1pS636_639
412	dyn_MCF7	1800.0	obs_IRS1pS636_639	1.376120311915013	sd_IRS1pS636_639
413	dyn_MCF7	1800.0	obs_IRS1pS636_639	1.8230446241369014	sd_IRS1pS636_639
414	dyn_MCF7	1800.0	obs_IRS1pS636_639	1.4690889967627456	sd_IRS1pS636_639
415	dyn_MCF7	1800.0	obs_4E_BP1	0.4920419495287692	sd_4E_BP1
416	dyn_MCF7	1800.0	obs_4E_BP1	0.5024769082551945	sd_4E_BP1
417	dyn_MCF7	1800.0	obs_4E_BP1	0.3841066852973026	sd_4E_BP1
418	dyn_MCF7	1800.0	obs_4E_BP1	0.972931219944329	sd_4E_BP1
419	dyn_MCF7	1800.0	obs_4E_BP1pT37_46	0.5426020769494273	sd_4E_BP1pT37_46
420	dyn_MCF7	1800.0	obs_4E_BP1pT37_46	1.1128001752614323	sd_4E_BP1pT37_46
421	dyn_MCF7	1800.0	obs_4E_BP1pT37_46	0.6894344422367071	sd_4E_BP1pT37_46
422	dyn_MCF7	1800.0	obs_4E_BP1pT37_46	0.6953018448978497	sd_4E_BP1pT37_46
423	dyn_MCF7	3600.0	obs_Akt	1.0925951788442243	sd_Akt
424	dyn_MCF7	3600.0	obs_Akt	0.9687463043032256	sd_Akt
425	dyn_MCF7	3600.0	obs_Akt	0.99673336918846	sd_Akt
426	dyn_MCF7	3600.0	obs_Akt	0.9688865652885628	sd_Akt
427	dyn_MCF7	3600.0	obs_AktpT308	1.2831419291872932	sd_AktpT308
428	dyn_MCF7	3600.0	obs_AktpT308	1.1499561829829235	sd_AktpT308
429	dyn_MCF7	3600.0	obs_AktpT308	1.2232029434425307	sd_AktpT308
430	dyn_MCF7	3600.0	obs_PRAS40	1.0515373223754676	sd_PRAS40
431	dyn_MCF7	3600.0	obs_PRAS40	0.9681296806700784	sd_PRAS40
432	dyn_MCF7	3600.0	obs_PRAS40	0.9269767874468311	sd_PRAS40
433	dyn_MCF7	3600.0	obs_PRAS40	1.207817706762141	sd_PRAS40
434	dyn_MCF7	3600.0	obs_PRAS40pT246	1.0202311909186514	sd_PRAS40pT246
435	dyn_MCF7	3600.0	obs_PRAS40pT246	0.8854824262294797	sd_PRAS40pT246
436	dyn_MCF7	3600.0	obs_PRAS40pT246	1.0703920328837766	sd_PRAS40pT246
437	dyn_MCF7	3600.0	obs_PRAS40pT246	1.0942526307637184	sd_PRAS40pT246
438	dyn_MCF7	3600.0	obs_S6K	1.4057929763849224	sd_S6K
439	dyn_MCF7	3600.0	obs_S6K	1.4414352143043097	sd_S6K
440	dyn_MCF7	3600.0	obs_S6K	1.5865199471926075	sd_S6K
441	dyn_MCF7	3600.0	obs_S6K	1.3340512848559756	sd_S6K
442	dyn_MCF7	3600.0	obs_S6KpT389	2.6552570032065628	sd_S6KpT389
443	dyn_MCF7	3600.0	obs_S6KpT389	2.221548012857396	sd_S6KpT389
444	dyn_MCF7	3600.0	obs_S6KpT389	1.8543619983960433	sd_S6KpT389
445	dyn_MCF7	3600.0	obs_S6KpT389	1.6826812442208317	sd_S6KpT389
446	dyn_MCF7	3600.0	obs_TSC2	0.7831888009201076	sd_TSC2
447	dyn_MCF7	3600.0	obs_TSC2	1.2470404581548622	sd_TSC2
448	dyn_MCF7	3600.0	obs_TSC2	1.1090758320243546	sd_TSC2
449	dyn_MCF7	3600.0	obs_TSC2	1.0216964537210873	sd_TSC2
450	dyn_MCF7	3600.0	obs_TSC2pT1462	2.130145248192629	sd_TSC2pT1462
451	dyn_MCF7	3600.0	obs_TSC2pT1462	1.2138073508929532	sd_TSC2pT1462
452	dyn_MCF7	3600.0	obs_TSC2pT1462	1.3447093598287694	sd_TSC2pT1462
453	dyn_MCF7	3600.0	obs_TSC2pT1462	1.2556431495281253	sd_TSC2pT1462
454	dyn_MCF7	3600.0	obs_IRS1	1.219789787219495	sd_IRS1
455	dyn_MCF7	3600.0	obs_IRS1	1.3456756413437987	sd_IRS1
456	dyn_MCF7	3600.0	obs_IRS1	1.6460910505557849	sd_IRS1
457	dyn_MCF7	3600.0	obs_IRS1	1.4665237648766554	sd_IRS1
458	dyn_MCF7	3600.0	obs_IRS1pS636_639	1.3563166280153052	sd_IRS1pS636_639
459	dyn_MCF7	3600.0	obs_IRS1pS636_639	1.1591747389054046	sd_IRS1pS636_639
460	dyn_MCF7	3600.0	obs_IRS1pS636_639	1.4854245019633958	sd_IRS1pS636_639
461	dyn_MCF7	3600.0	obs_IRS1pS636_639	1.766244538625396	sd_IRS1pS636_639
462	dyn_MCF7	3600.0	obs_4E_BP1	0.5202998221591131	sd_4E_BP1
463	dyn_MCF7	3600.0	obs_4E_BP1	0.5547925567994575	sd_4E_BP1
464	dyn_MCF7	3600.0	obs_4E_BP1	0.6317948398581318	sd_4E_BP1
465	dyn_MCF7	3600.0	obs_4E_BP1	0.8289418671025061	sd_4E_BP1
466	dyn_MCF7	3600.0	obs_4E_BP1pT37_46	0.5667927082850233	sd_4E_BP1pT37_46
467	dyn_MCF7	3600.0	obs_4E_BP1pT37_46	1.0428456133894641	sd_4E_BP1pT37_46
468	dyn_MCF7	3600.0	obs_4E_BP1pT37_46	0.8600870802691738	sd_4E_BP1pT37_46
469	dyn_MCF7	3600.0	obs_4E_BP1pT37_46	0.6550067068581847	sd_4E_BP1pT37_46
470	dyn_MCF7	5400.0	obs_Akt	1.0911134820482586	sd_Akt
471	dyn_MCF7	5400.0	obs_Akt	1.061421864027634	sd_Akt
472	dyn_MCF7	5400.0	obs_Akt	0.8303649270718081	sd_Akt
473	dyn_MCF7	5400.0	obs_Akt	1.0011183048736378	sd_Akt
474	dyn_MCF7	5400.0	obs_AktpT308	1.7002925608614596	sd_AktpT308
475	dyn_MCF7	5400.0	obs_AktpT308	1.1260830705594937	sd_AktpT308
476	dyn_MCF7	5400.0	obs_AktpT308	1.1697099568872797	sd_AktpT308
477	dyn_MCF7	5400.0	obs_PRAS40	0.9862740391084894	sd_PRAS40
478	dyn_MCF7	5400.0	obs_PRAS40	0.9396142780570926	sd_PRAS40
479	dyn_MCF7	5400.0	obs_PRAS40	0.8346315003422162	sd_PRAS40
480	dyn_MCF7	5400.0	obs_PRAS40	0.9706745364707322	sd_PRAS40
481	dyn_MCF7	5400.0	obs_PRAS40pT246	1.174285427390639	sd_PRAS40pT246
482	dyn_MCF7	5400.0	obs_PRAS40pT246	0.7839797482691317	sd_PRAS40pT246
483	dyn_MCF7	5400.0	obs_PRAS40pT246	1.266697358391023	sd_PRAS40pT246
484	dyn_MCF7	5400.0	obs_PRAS40pT246	1.0431218737722279	sd_PRAS40pT246
485	dyn_MCF7	5400.0	obs_S6K	1.0800759120388481	sd_S6K
486	dyn_MCF7	5400.0	obs_S6K	1.4723814989819612	sd_S6K
487	dyn_MCF7	5400.0	obs_S6K	1.7315642521946315	sd_S6K
488	dyn_MCF7	5400.0	obs_S6K	1.3011960985415867	sd_S6K
489	dyn_MCF7	5400.0	obs_S6KpT389	1.9528123111288151	sd_S6KpT389
490	dyn_MCF7	5400.0	obs_S6KpT389	1.6122022361094075	sd_S6KpT389
491	dyn_MCF7	5400.0	obs_S6KpT389	1.6172334532586456	sd_S6KpT389
492	dyn_MCF7	5400.0	obs_S6KpT389	1.5088150157554054	sd_S6KpT389
493	dyn_MCF7	5400.0	obs_TSC2	1.0162573816414906	sd_TSC2
494	dyn_MCF7	5400.0	obs_TSC2	1.1532723209655276	sd_TSC2
495	dyn_MCF7	5400.0	obs_TSC2	0.8544443079962689	sd_TSC2
496	dyn_MCF7	5400.0	obs_TSC2	0.9531255542381047	sd_TSC2
497	dyn_MCF7	5400.0	obs_TSC2pT1462	1.4825509893296152	sd_TSC2pT1462
498	dyn_MCF7	5400.0	obs_TSC2pT1462	1.0441638464520333	sd_TSC2pT1462
499	dyn_MCF7	5400.0	obs_TSC2pT1462	1.2768696078864437	sd_TSC2pT1462
500	dyn_MCF7	5400.0	obs_TSC2pT1462	1.2130550401125961	sd_TSC2pT1462
501	dyn_MCF7	5400.0	obs_IRS1	1.305188079274176	sd_IRS1
502	dyn_MCF7	5400.0	obs_IRS1	1.0808326903721044	sd_IRS1
503	dyn_MCF7	5400.0	obs_IRS1	1.7274438005408845	sd_IRS1
504	dyn_MCF7	5400.0	obs_IRS1	1.6552886689704063	sd_IRS1
505	dyn_MCF7	5400.0	obs_IRS1pS636_639	0.635555785782717	sd_IRS1pS636_639
506	dyn_MCF7	5400.0	obs_IRS1pS636_639	1.0938295647379432	sd_IRS1pS636_639
507	dyn_MCF7	5400.0	obs_IRS1pS636_639	1.7859478751290603	sd_IRS1pS636_639
508	dyn_MCF7	5400.0	obs_IRS1pS636_639	1.7299117398560966	sd_IRS1pS636_639
509	dyn_MCF7	5400.0	obs_4E_BP1	0.4123405275643687	sd_4E_BP1
510	dyn_MCF7	5400.0	obs_4E_BP1	0.33249610966354437	sd_4E_BP1
511	dyn_MCF7	5400.0	obs_4E_BP1	0.5120479532843776	sd_4E_BP1
512	dyn_MCF7	5400.0	obs_4E_BP1	0.81182605959273	sd_4E_BP1
513	dyn_MCF7	5400.0	obs_4E_BP1pT37_46	0.38393887080718364	sd_4E_BP1pT37_46
514	dyn_MCF7	5400.0	obs_4E_BP1pT37_46	0.9809877714735937	sd_4E_BP1pT37_46
515	dyn_MCF7	5400.0	obs_4E_BP1pT37_46	0.6849309985601885	sd_4E_BP1pT37_46
516	dyn_MCF7	5400.0	obs_4E_BP1pT37_46	0.8535342104181066	sd_4E_BP1pT37_46
517	dyn_MCF7	7200.0	obs_Akt	1.104491568521397	sd_Akt
518	dyn_MCF7	7200.0	obs_Akt	1.0061628848504944	sd_Akt
519	dyn_MCF7	7200.0	obs_Akt	1.1255494685252623	sd_Akt
520	dyn_MCF7	7200.0	obs_Akt	1.1479729137827948	sd_Akt
521	dyn_MCF7	7200.0	obs_AktpT308	1.1315017639520315	sd_AktpT308
522	dyn_MCF7	7200.0	obs_AktpT308	0.962577480960015	sd_AktpT308
523	dyn_MCF7	7200.0	obs_AktpT308	1.246251625630211	sd_AktpT308
524	dyn_MCF7	7200.0	obs_PRAS40	0.9962253094547668	sd_PRAS40
525	dyn_MCF7	7200.0	obs_PRAS40	1.0545271314771345	sd_PRAS40
526	dyn_MCF7	7200.0	obs_PRAS40	1.014810217195044	sd_PRAS40
527	dyn_MCF7	7200.0	obs_PRAS40	0.9704483917471732	sd_PRAS40
528	dyn_MCF7	7200.0	obs_PRAS40pT246	1.0912582888546043	sd_PRAS40pT246
529	dyn_MCF7	7200.0	obs_PRAS40pT246	0.8461458629222921	sd_PRAS40pT246
530	dyn_MCF7	7200.0	obs_PRAS40pT246	1.243005143818688	sd_PRAS40pT246
531	dyn_MCF7	7200.0	obs_PRAS40pT246	1.197909055345412	sd_PRAS40pT246
532	dyn_MCF7	7200.0	obs_S6K	1.0902129222502497	sd_S6K
533	dyn_MCF7	7200.0	obs_S6K	1.4703380173109215	sd_S6K
534	dyn_MCF7	7200.0	obs_S6K	1.8335510060074798	sd_S6K
535	dyn_MCF7	7200.0	obs_S6K	1.474154371563573	sd_S6K
536	dyn_MCF7	7200.0	obs_S6KpT389	1.137166396652017	sd_S6KpT389
537	dyn_MCF7	7200.0	obs_S6KpT389	1.340919666018558	sd_S6KpT389
538	dyn_MCF7	7200.0	obs_S6KpT389	1.3652537729570935	sd_S6KpT389
539	dyn_MCF7	7200.0	obs_S6KpT389	1.5210641552235227	sd_S6KpT389
540	dyn_MCF7	7200.0	obs_TSC2	1.0865306191669701	sd_TSC2
541	dyn_MCF7	7200.0	obs_TSC2	0.8936067624169433	sd_TSC2
542	dyn_MCF7	7200.0	obs_TSC2	1.1163489681243008	sd_TSC2
543	dyn_MCF7	7200.0	obs_TSC2	1.1900156727057984	sd_TSC2
544	dyn_MCF7	7200.0	obs_TSC2pT1462	1.8716678697945015	sd_TSC2pT1462
545	dyn_MCF7	7200.0	obs_TSC2pT1462	0.9717570463338662	sd_TSC2pT1462
546	dyn_MCF7	7200.0	obs_TSC2pT1462	1.4081192087129848	sd_TSC2pT1462
547	dyn_MCF7	7200.0	obs_TSC2pT1462	1.3791069532886235	sd_TSC2pT1462
548	dyn_MCF7	7200.0	obs_IRS1	1.365716873333149	sd_IRS1
549	dyn_MCF7	7200.0	obs_IRS1	1.0384003472032488	sd_IRS1
550	dyn_MCF7	7200.0	obs_IRS1	1.472960973383596	sd_IRS1
551	dyn_MCF7	7200.0	obs_IRS1	1.5431565147574986	sd_IRS1
552	dyn_MCF7	7200.0	obs_IRS1pS636_639	1.3045348979380307	sd_IRS1pS636_639
553	dyn_MCF7	7200.0	obs_IRS1pS636_639	1.1055971178998225	sd_IRS1pS636_639
554	dyn_MCF7	7200.0	obs_IRS1pS636_639	1.9809858341758488	sd_IRS1pS636_639
555	dyn_MCF7	7200.0	obs_IRS1pS636_639	1.8358010406614378	sd_IRS1pS636_639
556	dyn_MCF7	7200.0	obs_4E_BP1	0.6536096949668313	sd_4E_BP1
557	dyn_MCF7	7200.0	obs_4E_BP1	0.3545600157542476	sd_4E_BP1
558	dyn_MCF7	7200.0	obs_4E_BP1	0.5321022459808323	sd_4E_BP1
559	dyn_MCF7	7200.0	obs_4E_BP1	0.8367996655077699	sd_4E_BP1
560	dyn_MCF7	7200.0	obs_4E_BP1pT37_46	0.33043521023046235	sd_4E_BP1pT37_46
561	dyn_MCF7	7200.0	obs_4E_BP1pT37_46	0.8454849700784214	sd_4E_BP1pT37_46
562	dyn_MCF7	7200.0	obs_4E_BP1pT37_46	0.6451939136198005	sd_4E_BP1pT37_46
563	dyn_MCF7	7200.0	obs_4E_BP1pT37_46	1.1041298708434732	sd_4E_BP1pT37_46
564	dyn_ZR751	0.0	obs_Akt	0.8927568602896645	sd_Akt
565	stab_ZR751	0.0	obs_Akt	0.8927568602896645	sd_Akt
566	stab_ZR751	900.0	obs_Akt	0.8927568602896645	sd_Akt
567	stab_ZR751	1800.0	obs_Akt	0.8927568602896645	sd_Akt
568	stab_ZR751	3600.0	obs_Akt	0.8927568602896645	sd_Akt
569	stab_ZR751	5400.0	obs_Akt	0.8927568602896645	sd_Akt
570	stab_ZR751	7200.0	obs_Akt	0.8927568602896645	sd_Akt
571	dyn_ZR751	0.0	obs_Akt	0.8372194782942997	sd_Akt
572	stab_ZR751	0.0	obs_Akt	0.8372194782942997	sd_Akt
573	stab_ZR751	900.0	obs_Akt	0.8372194782942997	sd_Akt
574	stab_ZR751	1800.0	obs_Akt	0.8372194782942997	sd_Akt
575	stab_ZR751	3600.0	obs_Akt	0.8372194782942997	sd_Akt
576	stab_ZR751	5400.0	obs_Akt	0.8372194782942997	sd_Akt
577	stab_ZR751	7200.0	obs_Akt	0.8372194782942997	sd_Akt
578	dyn_ZR751	0.0	obs_Akt	0.9227235735568392	sd_Akt
579	stab_ZR751	0.0	obs_Akt	0.9227235735568392	sd_Akt
580	stab_ZR751	900.0	obs_Akt	0.9227235735568392	sd_Akt
581	stab_ZR751	1800.0	obs_Akt	0.9227235735568392	sd_Akt
582	stab_ZR751	3600.0	obs_Akt	0.9227235735568392	sd_Akt
583	stab_ZR751	5400.0	obs_Akt	0.9227235735568392	sd_Akt
584	stab_ZR751	7200.0	obs_Akt	0.9227235735568392	sd_Akt
585	dyn_ZR751	0.0	obs_Akt	0.9042635494842702	sd_Akt
586	stab_ZR751	0.0	obs_Akt	0.9042635494842702	sd_Akt
587	stab_ZR751	900.0	obs_Akt	0.9042635494842702	sd_Akt
588	stab_ZR751	1800.0	obs_Akt	0.9042635494842702	sd_Akt
589	stab_ZR751	3600.0	obs_Akt	0.9042635494842702	sd_Akt
590	stab_ZR751	5400.0	obs_Akt	0.9042635494842702	sd_Akt
591	stab_ZR751	7200.0	obs_Akt	0.9042635494842702	sd_Akt
592	dyn_ZR751	0.0	obs_AktpT308	0.15000640632027892	sd_AktpT308
593	stab_ZR751	0.0	obs_AktpT308	0.15000640632027892	sd_AktpT308
594	stab_ZR751	900.0	obs_AktpT308	0.15000640632027892	sd_AktpT308
595	stab_ZR751	1800.0	obs_AktpT308	0.15000640632027892	sd_AktpT308
596	stab_ZR751	3600.0	obs_AktpT308	0.15000640632027892	sd_AktpT308
597	stab_ZR751	5400.0	obs_AktpT308	0.15000640632027892	sd_AktpT308
598	stab_ZR751	7200.0	obs_AktpT308	0.15000640632027892	sd_AktpT308
599	dyn_ZR751	0.0	obs_AktpT308	0.6528486963448776	sd_AktpT308
600	stab_ZR751	0.0	obs_AktpT308	0.6528486963448776	sd_AktpT308
601	stab_ZR751	900.0	obs_AktpT308	0.6528486963448776	sd_AktpT308
602	stab_ZR751	1800.0	obs_AktpT308	0.6528486963448776	sd_AktpT308
603	stab_ZR751	3600.0	obs_AktpT308	0.6528486963448776	sd_AktpT308
604	stab_ZR751	5400.0	obs_AktpT308	0.6528486963448776	sd_AktpT308
605	stab_ZR751	7200.0	obs_AktpT308	0.6528486963448776	sd_AktpT308
606	dyn_ZR751	0.0	obs_AktpT308	0.6170849896985159	sd_AktpT308
607	stab_ZR751	0.0	obs_AktpT308	0.6170849896985159	sd_AktpT308
608	stab_ZR751	900.0	obs_AktpT308	0.6170849896985159	sd_AktpT308
609	stab_ZR751	1800.0	obs_AktpT308	0.6170849896985159	sd_AktpT308
610	stab_ZR751	3600.0	obs_AktpT308	0.6170849896985159	sd_AktpT308
611	stab_ZR751	5400.0	obs_AktpT308	0.6170849896985159	sd_AktpT308
612	stab_ZR751	7200.0	obs_AktpT308	0.6170849896985159	sd_AktpT308
613	dyn_ZR751	0.0	obs_PRAS40	1.0231510835070965	sd_PRAS40
614	stab_ZR751	0.0	obs_PRAS40	1.0231510835070965	sd_PRAS40
615	stab_ZR751	900.0	obs_PRAS40	1.0231510835070965	sd_PRAS40
616	stab_ZR751	1800.0	obs_PRAS40	1.0231510835070965	sd_PRAS40
617	stab_ZR751	3600.0	obs_PRAS40	1.0231510835070965	sd_PRAS40
618	stab_ZR751	5400.0	obs_PRAS40	1.0231510835070965	sd_PRAS40
619	stab_ZR751	7200.0	obs_PRAS40	1.0231510835070965	sd_PRAS40
620	dyn_ZR751	0.0	obs_PRAS40	1.0239804012132248	sd_PRAS40
621	stab_ZR751	0.0	obs_PRAS40	1.0239804012132248	sd_PRAS40
622	stab_ZR751	900.0	obs_PRAS40	1.0239804012132248	sd_PRAS40
623	stab_ZR751	1800.0	obs_PRAS40	1.0239804012132248	sd_PRAS40
624	stab_ZR751	3600.0	obs_PRAS40	1.0239804012132248	sd_PRAS40
625	stab_ZR751	5400.0	obs_PRAS40	1.0239804012132248	sd_PRAS40
626	stab_ZR751	7200.0	obs_PRAS40	1.0239804012132248	sd_PRAS40
627	dyn_ZR751	0.0	obs_PRAS40	0.9300562072463264	sd_PRAS40
628	stab_ZR751	0.0	obs_PRAS40	0.9300562072463264	sd_PRAS40
629	stab_ZR751	900.0	obs_PRAS40	0.9300562072463264	sd_PRAS40
630	stab_ZR751	1800.0	obs_PRAS40	0.9300562072463264	sd_PRAS40
631	stab_ZR751	3600.0	obs_PRAS40	0.9300562072463264	sd_PRAS40
632	stab_ZR751	5400.0	obs_PRAS40	0.9300562072463264	sd_PRAS40
633	stab_ZR751	7200.0	obs_PRAS40	0.9300562072463264	sd_PRAS40
634	dyn_ZR751	0.0	obs_PRAS40	1.1329163363524646	sd_PRAS40
635	stab_ZR751	0.0	obs_PRAS40	1.1329163363524646	sd_PRAS40
636	stab_ZR751	900.0	obs_PRAS40	1.1329163363524646	sd_PRAS40
637	stab_ZR751	1800.0	obs_PRAS40	1.1329163363524646	sd_PRAS40
638	stab_ZR751	3600.0	obs_PRAS40	1.1329163363524646	sd_PRAS40
639	stab_ZR751	5400.0	obs_PRAS40	1.1329163363524646	sd_PRAS40
640	stab_ZR751	7200.0	obs_PRAS40	1.1329163363524646	sd_PRAS40
641	dyn_ZR751	0.0	obs_PRAS40pT246	0.17858239130076267	sd_PRAS40pT246
642	stab_ZR751	0.0	obs_PRAS40pT246	0.17858239130076267	sd_PRAS40pT246
643	stab_ZR751	900.0	obs_PRAS40pT246	0.17858239130076267	sd_PRAS40pT246
644	stab_ZR751	1800.0	obs_PRAS40pT246	0.17858239130076267	sd_PRAS40pT246
645	stab_ZR751	3600.0	obs_PRAS40pT246	0.17858239130076267	sd_PRAS40pT246
646	stab_ZR751	5400.0	obs_PRAS40pT246	0.17858239130076267	sd_PRAS40pT246
647	stab_ZR751	7200.0	obs_PRAS40pT246	0.17858239130076267	sd_PRAS40pT246
648	dyn_ZR751	0.0	obs_PRAS40pT246	0.6147771101427425	sd_PRAS40pT246
649	stab_ZR751	0.0	obs_PRAS40pT246	0.6147771101427425	sd_PRAS40pT246
650	stab_ZR751	900.0	obs_PRAS40pT246	0.6147771101427425	sd_PRAS40pT246
651	stab_ZR751	1800.0	obs_PRAS40pT246	0.6147771101427425	sd_PRAS40pT246
652	stab_ZR751	3600.0	obs_PRAS40pT246	0.6147771101427425	sd_PRAS40pT246
653	stab_ZR751	5400.0	obs_PRAS40pT246	0.6147771101427425	sd_PRAS40pT246
654	stab_ZR751	7200.0	obs_PRAS40pT246	0.6147771101427425	sd_PRAS40pT246
655	dyn_ZR751	0.0	obs_PRAS40pT246	0.2831301841350181	sd_PRAS40pT246
656	stab_ZR751	0.0	obs_PRAS40pT246	0.2831301841350181	sd_PRAS40pT246
657	stab_ZR751	900.0	obs_PRAS40pT246	0.2831301841350181	sd_PRAS40pT246
658	stab_ZR751	1800.0	obs_PRAS40pT246	0.2831301841350181	sd_PRAS40pT246
659	stab_ZR751	3600.0	obs_PRAS40pT246	0.2831301841350181	sd_PRAS40pT246
660	stab_ZR751	5400.0	obs_PRAS40pT246	0.2831301841350181	sd_PRAS40pT246
661	stab_ZR751	7200.0	obs_PRAS40pT246	0.2831301841350181	sd_PRAS40pT246
662	dyn_ZR751	0.0	obs_PRAS40pT246	0.455328434391501	sd_PRAS40pT246
663	stab_ZR751	0.0	obs_PRAS40pT246	0.455328434391501	sd_PRAS40pT246
664	stab_ZR751	900.0	obs_PRAS40pT246	0.455328434391501	sd_PRAS40pT246
665	stab_ZR751	1800.0	obs_PRAS40pT246	0.455328434391501	sd_PRAS40pT246
666	stab_ZR751	3600.0	obs_PRAS40pT246	0.455328434391501	sd_PRAS40pT246
667	stab_ZR751	5400.0	obs_PRAS40pT246	0.455328434391501	sd_PRAS40pT246
668	stab_ZR751	7200.0	obs_PRAS40pT246	0.455328434391501	sd_PRAS40pT246
669	dyn_ZR751	0.0	obs_S6K	0.7111313779938395	sd_S6K
670	stab_ZR751	0.0	obs_S6K	0.7111313779938395	sd_S6K
671	stab_ZR751	900.0	obs_S6K	0.7111313779938395	sd_S6K
672	stab_ZR751	1800.0	obs_S6K	0.7111313779938395	sd_S6K
673	stab_ZR751	3600.0	obs_S6K	0.7111313779938395	sd_S6K
674	stab_ZR751	5400.0	obs_S6K	0.7111313779938395	sd_S6K
675	stab_ZR751	7200.0	obs_S6K	0.7111313779938395	sd_S6K
676	dyn_ZR751	0.0	obs_S6K	0.4693869187298127	sd_S6K
677	stab_ZR751	0.0	obs_S6K	0.4693869187298127	sd_S6K
678	stab_ZR751	900.0	obs_S6K	0.4693869187298127	sd_S6K
679	stab_ZR751	1800.0	obs_S6K	0.4693869187298127	sd_S6K
680	stab_ZR751	3600.0	obs_S6K	0.4693869187298127	sd_S6K
681	stab_ZR751	5400.0	obs_S6K	0.4693869187298127	sd_S6K
682	stab_ZR751	7200.0	obs_S6K	0.4693869187298127	sd_S6K
683	dyn_ZR751	0.0	obs_S6K	0.4275977173649304	sd_S6K
684	stab_ZR751	0.0	obs_S6K	0.4275977173649304	sd_S6K
685	stab_ZR751	900.0	obs_S6K	0.4275977173649304	sd_S6K
686	stab_ZR751	1800.0	obs_S6K	0.4275977173649304	sd_S6K
687	stab_ZR751	3600.0	obs_S6K	0.4275977173649304	sd_S6K
688	stab_ZR751	5400.0	obs_S6K	0.4275977173649304	sd_S6K
689	stab_ZR751	7200.0	obs_S6K	0.4275977173649304	sd_S6K
690	dyn_ZR751	0.0	obs_S6K	0.6249864945689739	sd_S6K
691	stab_ZR751	0.0	obs_S6K	0.6249864945689739	sd_S6K
692	stab_ZR751	900.0	obs_S6K	0.6249864945689739	sd_S6K
693	stab_ZR751	1800.0	obs_S6K	0.6249864945689739	sd_S6K
694	stab_ZR751	3600.0	obs_S6K	0.6249864945689739	sd_S6K
695	stab_ZR751	5400.0	obs_S6K	0.6249864945689739	sd_S6K
696	stab_ZR751	7200.0	obs_S6K	0.6249864945689739	sd_S6K
697	dyn_ZR751	0.0	obs_S6KpT389	0.05575034537703114	sd_S6KpT389
698	stab_ZR751	0.0	obs_S6KpT389	0.05575034537703114	sd_S6KpT389
699	stab_ZR751	900.0	obs_S6KpT389	0.05575034537703114	sd_S6KpT389
700	stab_ZR751	1800.0	obs_S6KpT389	0.05575034537703114	sd_S6KpT389
701	stab_ZR751	3600.0	obs_S6KpT389	0.05575034537703114	sd_S6KpT389
702	stab_ZR751	5400.0	obs_S6KpT389	0.05575034537703114	sd_S6KpT389
703	stab_ZR751	7200.0	obs_S6KpT389	0.05575034537703114	sd_S6KpT389
704	dyn_ZR751	0.0	obs_S6KpT389	0.2556524252175901	sd_S6KpT389
705	stab_ZR751	0.0	obs_S6KpT389	0.2556524252175901	sd_S6KpT389
706	stab_ZR751	900.0	obs_S6KpT389	0.2556524252175901	sd_S6KpT389
707	stab_ZR751	1800.0	obs_S6KpT389	0.2556524252175901	sd_S6KpT389
708	stab_ZR751	3600.0	obs_S6KpT389	0.2556524252175901	sd_S6KpT389
709	stab_ZR751	5400.0	obs_S6KpT389	0.2556524252175901	sd_S6KpT389
710	stab_ZR751	7200.0	obs_S6KpT389	0.2556524252175901	sd_S6KpT389
711	dyn_ZR751	0.0	obs_S6KpT389	0.2123991615434467	sd_S6KpT389
712	stab_ZR751	0.0	obs_S6KpT389	0.2123991615434467	sd_S6KpT389
713	stab_ZR751	900.0	obs_S6KpT389	0.2123991615434467	sd_S6KpT389
714	stab_ZR751	1800.0	obs_S6KpT389	0.2123991615434467	sd_S6KpT389
715	stab_ZR751	3600.0	obs_S6KpT389	0.2123991615434467	sd_S6KpT389
716	stab_ZR751	5400.0	obs_S6KpT389	0.2123991615434467	sd_S6KpT389
717	stab_ZR751	7200.0	obs_S6KpT389	0.2123991615434467	sd_S6KpT389
718	dyn_ZR751	0.0	obs_S6KpT389	0.5197578813335919	sd_S6KpT389
719	stab_ZR751	0.0	obs_S6KpT389	0.5197578813335919	sd_S6KpT389
720	stab_ZR751	900.0	obs_S6KpT389	0.5197578813335919	sd_S6KpT389
721	stab_ZR751	1800.0	obs_S6KpT389	0.5197578813335919	sd_S6KpT389
722	stab_ZR751	3600.0	obs_S6KpT389	0.5197578813335919	sd_S6KpT389
723	stab_ZR751	5400.0	obs_S6KpT389	0.5197578813335919	sd_S6KpT389
724	stab_ZR751	7200.0	obs_S6KpT389	0.5197578813335919	sd_S6KpT389
725	dyn_ZR751	0.0	obs_TSC2	1.1078823361026322	sd_TSC2
726	stab_ZR751	0.0	obs_TSC2	1.1078823361026322	sd_TSC2
727	stab_ZR751	900.0	obs_TSC2	1.1078823361026322	sd_TSC2
728	stab_ZR751	1800.0	obs_TSC2	1.1078823361026322	sd_TSC2
729	stab_ZR751	3600.0	obs_TSC2	1.1078823361026322	sd_TSC2
730	stab_ZR751	5400.0	obs_TSC2	1.1078823361026322	sd_TSC2
731	stab_ZR751	7200.0	obs_TSC2	1.1078823361026322	sd_TSC2
732	dyn_ZR751	0.0	obs_TSC2	0.8706439337004841	sd_TSC2
733	stab_ZR751	0.0	obs_TSC2	0.8706439337004841	sd_TSC2
734	stab_ZR751	900.0	obs_TSC2	0.8706439337004841	sd_TSC2
735	stab_ZR751	1800.0	obs_TSC2	0.8706439337004841	sd_TSC2
736	stab_ZR751	3600.0	obs_TSC2	0.8706439337004841	sd_TSC2
737	stab_ZR751	5400.0	obs_TSC2	0.8706439337004841	sd_TSC2
738	stab_ZR751	7200.0	obs_TSC2	0.8706439337004841	sd_TSC2
739	dyn_ZR751	0.0	obs_TSC2	0.9538493638322613	sd_TSC2
740	stab_ZR751	0.0	obs_TSC2	0.9538493638322613	sd_TSC2
741	stab_ZR751	900.0	obs_TSC2	0.9538493638322613	sd_TSC2
742	stab_ZR751	1800.0	obs_TSC2	0.9538493638322613	sd_TSC2
743	stab_ZR751	3600.0	obs_TSC2	0.9538493638322613	sd_TSC2
744	stab_ZR751	5400.0	obs_TSC2	0.9538493638322613	sd_TSC2
745	stab_ZR751	7200.0	obs_TSC2	0.9538493638322613	sd_TSC2
746	dyn_ZR751	0.0	obs_TSC2	0.9098372443765198	sd_TSC2
747	stab_ZR751	0.0	obs_TSC2	0.9098372443765198	sd_TSC2
748	stab_ZR751	900.0	obs_TSC2	0.9098372443765198	sd_TSC2
749	stab_ZR751	1800.0	obs_TSC2	0.9098372443765198	sd_TSC2
750	stab_ZR751	3600.0	obs_TSC2	0.9098372443765198	sd_TSC2
751	stab_ZR751	5400.0	obs_TSC2	0.9098372443765198	sd_TSC2
752	stab_ZR751	7200.0	obs_TSC2	0.9098372443765198	sd_TSC2
753	dyn_ZR751	0.0	obs_TSC2pT1462	0.35828423397084846	sd_TSC2pT1462
754	stab_ZR751	0.0	obs_TSC2pT1462	0.35828423397084846	sd_TSC2pT1462
755	stab_ZR751	900.0	obs_TSC2pT1462	0.35828423397084846	sd_TSC2pT1462
756	stab_ZR751	1800.0	obs_TSC2pT1462	0.35828423397084846	sd_TSC2pT1462
757	stab_ZR751	3600.0	obs_TSC2pT1462	0.35828423397084846	sd_TSC2pT1462
758	stab_ZR751	5400.0	obs_TSC2pT1462	0.35828423397084846	sd_TSC2pT1462
759	stab_ZR751	7200.0	obs_TSC2pT1462	0.35828423397084846	sd_TSC2pT1462
760	dyn_ZR751	0.0	obs_TSC2pT1462	0.8526764754222007	sd_TSC2pT1462
761	stab_ZR751	0.0	obs_TSC2pT1462	0.8526764754222007	sd_TSC2pT1462
762	stab_ZR751	900.0	obs_TSC2pT1462	0.8526764754222007	sd_TSC2pT1462
763	stab_ZR751	1800.0	obs_TSC2pT1462	0.8526764754222007	sd_TSC2pT1462
764	stab_ZR751	3600.0	obs_TSC2pT1462	0.8526764754222007	sd_TSC2pT1462
765	stab_ZR751	5400.0	obs_TSC2pT1462	0.8526764754222007	sd_TSC2pT1462
766	stab_ZR751	7200.0	obs_TSC2pT1462	0.8526764754222007	sd_TSC2pT1462
767	dyn_ZR751	0.0	obs_TSC2pT1462	0.3864821663097717	sd_TSC2pT1462
768	stab_ZR751	0.0	obs_TSC2pT1462	0.3864821663097717	sd_TSC2pT1462
769	stab_ZR751	900.0	obs_TSC2pT1462	0.3864821663097717	sd_TSC2pT1462
770	stab_ZR751	1800.0	obs_TSC2pT1462	0.3864821663097717	sd_TSC2pT1462
771	stab_ZR751	3600.0	obs_TSC2pT1462	0.3864821663097717	sd_TSC2pT1462
772	stab_ZR751	5400.0	obs_TSC2pT1462	0.3864821663097717	sd_TSC2pT1462
773	stab_ZR751	7200.0	obs_TSC2pT1462	0.3864821663097717	sd_TSC2pT1462
774	dyn_ZR751	0.0	obs_TSC2pT1462	0.6360051201731579	sd_TSC2pT1462
775	stab_ZR751	0.0	obs_TSC2pT1462	0.6360051201731579	sd_TSC2pT1462
776	stab_ZR751	900.0	obs_TSC2pT1462	0.6360051201731579	sd_TSC2pT1462
777	stab_ZR751	1800.0	obs_TSC2pT1462	0.6360051201731579	sd_TSC2pT1462
778	stab_ZR751	3600.0	obs_TSC2pT1462	0.6360051201731579	sd_TSC2pT1462
779	stab_ZR751	5400.0	obs_TSC2pT1462	0.6360051201731579	sd_TSC2pT1462
780	stab_ZR751	7200.0	obs_TSC2pT1462	0.6360051201731579	sd_TSC2pT1462
781	dyn_ZR751	0.0	obs_IRS1	0.9615812430457802	sd_IRS1
782	stab_ZR751	0.0	obs_IRS1	0.9615812430457802	sd_IRS1
783	stab_ZR751	900.0	obs_IRS1	0.9615812430457802	sd_IRS1
784	stab_ZR751	1800.0	obs_IRS1	0.9615812430457802	sd_IRS1
785	stab_ZR751	3600.0	obs_IRS1	0.9615812430457802	sd_IRS1
786	stab_ZR751	5400.0	obs_IRS1	0.9615812430457802	sd_IRS1
787	stab_ZR751	7200.0	obs_IRS1	0.9615812430457802	sd_IRS1
788	dyn_ZR751	0.0	obs_IRS1	0.4792160178731373	sd_IRS1
789	stab_ZR751	0.0	obs_IRS1	0.4792160178731373	sd_IRS1
790	stab_ZR751	900.0	obs_IRS1	0.4792160178731373	sd_IRS1
791	stab_ZR751	1800.0	obs_IRS1	0.4792160178731373	sd_IRS1
792	stab_ZR751	3600.0	obs_IRS1	0.4792160178731373	sd_IRS1
793	stab_ZR751	5400.0	obs_IRS1	0.4792160178731373	sd_IRS1
794	stab_ZR751	7200.0	obs_IRS1	0.4792160178731373	sd_IRS1
795	dyn_ZR751	0.0	obs_IRS1	0.3822642057628367	sd_IRS1
796	stab_ZR751	0.0	obs_IRS1	0.3822642057628367	sd_IRS1
797	stab_ZR751	900.0	obs_IRS1	0.3822642057628367	sd_IRS1
798	stab_ZR751	1800.0	obs_IRS1	0.3822642057628367	sd_IRS1
799	stab_ZR751	3600.0	obs_IRS1	0.3822642057628367	sd_IRS1
800	stab_ZR751	5400.0	obs_IRS1	0.3822642057628367	sd_IRS1
801	stab_ZR751	7200.0	obs_IRS1	0.3822642057628367	sd_IRS1
802	dyn_ZR751	0.0	obs_IRS1	0.5403889599444605	sd_IRS1
803	stab_ZR751	0.0	obs_IRS1	0.5403889599444605	sd_IRS1
804	stab_ZR751	900.0	obs_IRS1	0.5403889599444605	sd_IRS1
805	stab_ZR751	1800.0	obs_IRS1	0.5403889599444605	sd_IRS1
806	stab_ZR751	3600.0	obs_IRS1	0.5403889599444605	sd_IRS1
807	stab_ZR751	5400.0	obs_IRS1	0.5403889599444605	sd_IRS1
808	stab_ZR751	7200.0	obs_IRS1	0.5403889599444605	sd_IRS1
809	dyn_ZR751	0.0	obs_IRS1pS636_639	0.36403078952476836	sd_IRS1pS636_639
810	stab_ZR751	0.0	obs_IRS1pS636_639	0.36403078952476836	sd_IRS1pS636_639
811	stab_ZR751	900.0	obs_IRS1pS636_639	0.36403078952476836	sd_IRS1pS636_639
812	stab_ZR751	1800.0	obs_IRS1pS636_639	0.36403078952476836	sd_IRS1pS636_639
813	stab_ZR751	3600.0	obs_IRS1pS636_639	0.36403078952476836	sd_IRS1pS636_639
814	stab_ZR751	5400.0	obs_IRS1pS636_639	0.36403078952476836	sd_IRS1pS636_639
815	stab_ZR751	7200.0	obs_IRS1pS636_639	0.36403078952476836	sd_IRS1pS636_639
816	dyn_ZR751	0.0	obs_IRS1pS636_639	0.3455394823081838	sd_IRS1pS636_639
817	stab_ZR751	0.0	obs_IRS1pS636_639	0.3455394823081838	sd_IRS1pS636_639
818	stab_ZR751	900.0	obs_IRS1pS636_639	0.3455394823081838	sd_IRS1pS636_639
819	stab_ZR751	1800.0	obs_IRS1pS636_639	0.3455394823081838	sd_IRS1pS636_639
820	stab_ZR751	3600.0	obs_IRS1pS636_639	0.3455394823081838	sd_IRS1pS636_639
821	stab_ZR751	5400.0	obs_IRS1pS636_639	0.3455394823081838	sd_IRS1pS636_639
822	stab_ZR751	7200.0	obs_IRS1pS636_639	0.3455394823081838	sd_IRS1pS636_639
823	dyn_ZR751	0.0	obs_IRS1pS636_639	0.2721153521069743	sd_IRS1pS636_639
824	stab_ZR751	0.0	obs_IRS1pS636_639	0.2721153521069743	sd_IRS1pS636_639
825	stab_ZR751	900.0	obs_IRS1pS636_639	0.2721153521069743	sd_IRS1pS636_639
826	stab_ZR751	1800.0	obs_IRS1pS636_639	0.2721153521069743	sd_IRS1pS636_639
827	stab_ZR751	3600.0	obs_IRS1pS636_639	0.2721153521069743	sd_IRS1pS636_639
828	stab_ZR751	5400.0	obs_IRS1pS636_639	0.2721153521069743	sd_IRS1pS636_639
829	stab_ZR751	7200.0	obs_IRS1pS636_639	0.2721153521069743	sd_IRS1pS636_639
830	dyn_ZR751	0.0	obs_IRS1pS636_639	0.310503144129931	sd_IRS1pS636_639
831	stab_ZR751	0.0	obs_IRS1pS636_639	0.310503144129931	sd_IRS1pS636_639
832	stab_ZR751	900.0	obs_IRS1pS636_639	0.310503144129931	sd_IRS1pS636_639
833	stab_ZR751	1800.0	obs_IRS1pS636_639	0.310503144129931	sd_IRS1pS636_639
834	stab_ZR751	3600.0	obs_IRS1pS636_639	0.310503144129931	sd_IRS1pS636_639
835	stab_ZR751	5400.0	obs_IRS1pS636_639	0.310503144129931	sd_IRS1pS636_639
836	stab_ZR751	7200.0	obs_IRS1pS636_639	0.310503144129931	sd_IRS1pS636_639
837	dyn_ZR751	0.0	obs_4E_BP1	1.5713004018827594	sd_4E_BP1
838	stab_ZR751	0.0	obs_4E_BP1	1.5713004018827594	sd_4E_BP1
839	stab_ZR751	900.0	obs_4E_BP1	1.5713004018827594	sd_4E_BP1
840	stab_ZR751	1800.0	obs_4E_BP1	1.5713004018827594	sd_4E_BP1
841	stab_ZR751	3600.0	obs_4E_BP1	1.5713004018827594	sd_4E_BP1
842	stab_ZR751	5400.0	obs_4E_BP1	1.5713004018827594	sd_4E_BP1
843	stab_ZR751	7200.0	obs_4E_BP1	1.5713004018827594	sd_4E_BP1
844	dyn_ZR751	0.0	obs_4E_BP1	2.3149161840678762	sd_4E_BP1
845	stab_ZR751	0.0	obs_4E_BP1	2.3149161840678762	sd_4E_BP1
846	stab_ZR751	900.0	obs_4E_BP1	2.3149161840678762	sd_4E_BP1
847	stab_ZR751	1800.0	obs_4E_BP1	2.3149161840678762	sd_4E_BP1
848	stab_ZR751	3600.0	obs_4E_BP1	2.3149161840678762	sd_4E_BP1
849	stab_ZR751	5400.0	obs_4E_BP1	2.3149161840678762	sd_4E_BP1
850	stab_ZR751	7200.0	obs_4E_BP1	2.3149161840678762	sd_4E_BP1
851	dyn_ZR751	0.0	obs_4E_BP1	1.170713784205959	sd_4E_BP1
852	stab_ZR751	0.0	obs_4E_BP1	1.170713784205959	sd_4E_BP1
853	stab_ZR751	900.0	obs_4E_BP1	1.170713784205959	sd_4E_BP1
854	stab_ZR751	1800.0	obs_4E_BP1	1.170713784205959	sd_4E_BP1
855	stab_ZR751	3600.0	obs_4E_BP1	1.170713784205959	sd_4E_BP1
856	stab_ZR751	5400.0	obs_4E_BP1	1.170713784205959	sd_4E_BP1
857	stab_ZR751	7200.0	obs_4E_BP1	1.170713784205959	sd_4E_BP1
858	dyn_ZR751	0.0	obs_4E_BP1	0.9286400581580804	sd_4E_BP1
859	stab_ZR751	0.0	obs_4E_BP1	0.9286400581580804	sd_4E_BP1
860	stab_ZR751	900.0	obs_4E_BP1	0.9286400581580804	sd_4E_BP1
861	stab_ZR751	1800.0	obs_4E_BP1	0.9286400581580804	sd_4E_BP1
862	stab_ZR751	3600.0	obs_4E_BP1	0.9286400581580804	sd_4E_BP1
863	stab_ZR751	5400.0	obs_4E_BP1	0.9286400581580804	sd_4E_BP1
864	stab_ZR751	7200.0	obs_4E_BP1	0.9286400581580804	sd_4E_BP1
865	dyn_ZR751	0.0	obs_4E_BP1pT37_46	0.36566721702461574	sd_4E_BP1pT37_46
866	stab_ZR751	0.0	obs_4E_BP1pT37_46	0.36566721702461574	sd_4E_BP1pT37_46
867	stab_ZR751	900.0	obs_4E_BP1pT37_46	0.36566721702461574	sd_4E_BP1pT37_46
868	stab_ZR751	1800.0	obs_4E_BP1pT37_46	0.36566721702461574	sd_4E_BP1pT37_46
869	stab_ZR751	3600.0	obs_4E_BP1pT37_46	0.36566721702461574	sd_4E_BP1pT37_46
870	stab_ZR751	5400.0	obs_4E_BP1pT37_46	0.36566721702461574	sd_4E_BP1pT37_46
871	stab_ZR751	7200.0	obs_4E_BP1pT37_46	0.36566721702461574	sd_4E_BP1pT37_46
872	dyn_ZR751	0.0	obs_4E_BP1pT37_46	0.6197532083863607	sd_4E_BP1pT37_46
873	stab_ZR751	0.0	obs_4E_BP1pT37_46	0.6197532083863607	sd_4E_BP1pT37_46
874	stab_ZR751	900.0	obs_4E_BP1pT37_46	0.6197532083863607	sd_4E_BP1pT37_46
875	stab_ZR751	1800.0	obs_4E_BP1pT37_46	0.6197532083863607	sd_4E_BP1pT37_46
876	stab_ZR751	3600.0	obs_4E_BP1pT37_46	0.6197532083863607	sd_4E_BP1pT37_46
877	stab_ZR751	5400.0	obs_4E_BP1pT37_46	0.6197532083863607	sd_4E_BP1pT37_46
878	stab_ZR751	7200.0	obs_4E_BP1pT37_46	0.6197532083863607	sd_4E_BP1pT37_46
879	dyn_ZR751	0.0	obs_4E_BP1pT37_46	0.6526066487053258	sd_4E_BP1pT37_46
880	stab_ZR751	0.0	obs_4E_BP1pT37_46	0.6526066487053258	sd_4E_BP1pT37_46
881	stab_ZR751	900.0	obs_4E_BP1pT37_46	0.6526066487053258	sd_4E_BP1pT37_46
882	stab_ZR751	1800.0	obs_4E_BP1pT37_46	0.6526066487053258	sd_4E_BP1pT37_46
883	stab_ZR751	3600.0	obs_4E_BP1pT37_46	0.6526066487053258	sd_4E_BP1pT37_46
884	stab_ZR751	5400.0	obs_4E_BP1pT37_46	0.6526066487053258	sd_4E_BP1pT37_46
885	stab_ZR751	7200.0	obs_4E_BP1pT37_46	0.6526066487053258	sd_4E_BP1pT37_46
886	dyn_ZR751	0.0	obs_4E_BP1pT37_46	0.5869159441895294	sd_4E_BP1pT37_46
887	stab_ZR751	0.0	obs_4E_BP1pT37_46	0.5869159441895294	sd_4E_BP1pT37_46
888	stab_ZR751	900.0	obs_4E_BP1pT37_46	0.5869159441895294	sd_4E_BP1pT37_46
889	stab_ZR751	1800.0	obs_4E_BP1pT37_46	0.5869159441895294	sd_4E_BP1pT37_46
890	stab_ZR751	3600.0	obs_4E_BP1pT37_46	0.5869159441895294	sd_4E_BP1pT37_46
891	stab_ZR751	5400.0	obs_4E_BP1pT37_46	0.5869159441895294	sd_4E_BP1pT37_46
892	stab_ZR751	7200.0	obs_4E_BP1pT37_46	0.5869159441895294	sd_4E_BP1pT37_46
893	dyn_ZR751	900.0	obs_Akt	0.9405887852350823	sd_Akt
894	dyn_ZR751	900.0	obs_Akt	0.8501388523689528	sd_Akt
895	dyn_ZR751	900.0	obs_Akt	1.0388876519990125	sd_Akt
896	dyn_ZR751	900.0	obs_Akt	0.8655453344685932	sd_Akt
897	dyn_ZR751	900.0	obs_AktpT308	1.313179772570795	sd_AktpT308
898	dyn_ZR751	900.0	obs_AktpT308	0.9634628867459543	sd_AktpT308
899	dyn_ZR751	900.0	obs_AktpT308	1.2238073218036614	sd_AktpT308
900	dyn_ZR751	900.0	obs_PRAS40	1.250661499799184	sd_PRAS40
901	dyn_ZR751	900.0	obs_PRAS40	0.9760245390938727	sd_PRAS40
902	dyn_ZR751	900.0	obs_PRAS40	1.2352475366126856	sd_PRAS40
903	dyn_ZR751	900.0	obs_PRAS40	0.9725952468651782	sd_PRAS40
904	dyn_ZR751	900.0	obs_PRAS40pT246	0.894254910173987	sd_PRAS40pT246
905	dyn_ZR751	900.0	obs_PRAS40pT246	0.9916166574815402	sd_PRAS40pT246
906	dyn_ZR751	900.0	obs_PRAS40pT246	0.7365580124975727	sd_PRAS40pT246
907	dyn_ZR751	900.0	obs_PRAS40pT246	1.5276013248755567	sd_PRAS40pT246
908	dyn_ZR751	900.0	obs_S6K	1.067938505450688	sd_S6K
909	dyn_ZR751	900.0	obs_S6K	0.5215195595523571	sd_S6K
910	dyn_ZR751	900.0	obs_S6K	0.44285674856591567	sd_S6K
911	dyn_ZR751	900.0	obs_S6K	0.6885476495639105	sd_S6K
912	dyn_ZR751	900.0	obs_S6KpT389	0.2577680678471976	sd_S6KpT389
913	dyn_ZR751	900.0	obs_S6KpT389	0.41255800431333917	sd_S6KpT389
914	dyn_ZR751	900.0	obs_S6KpT389	0.3208786084420197	sd_S6KpT389
915	dyn_ZR751	900.0	obs_S6KpT389	0.5271157168014413	sd_S6KpT389
916	dyn_ZR751	900.0	obs_TSC2	0.8505144246970081	sd_TSC2
917	dyn_ZR751	900.0	obs_TSC2	0.8447443742422416	sd_TSC2
918	dyn_ZR751	900.0	obs_TSC2	1.018615438015077	sd_TSC2
919	dyn_ZR751	900.0	obs_TSC2	0.8485203411578618	sd_TSC2
920	dyn_ZR751	900.0	obs_TSC2pT1462	0.6237298969288335	sd_TSC2pT1462
921	dyn_ZR751	900.0	obs_TSC2pT1462	0.9116553739323995	sd_TSC2pT1462
922	dyn_ZR751	900.0	obs_TSC2pT1462	0.7452554731301585	sd_TSC2pT1462
923	dyn_ZR751	900.0	obs_TSC2pT1462	0.8537826285532759	sd_TSC2pT1462
924	dyn_ZR751	900.0	obs_IRS1	0.9844437660557888	sd_IRS1
925	dyn_ZR751	900.0	obs_IRS1	0.9316256016326515	sd_IRS1
926	dyn_ZR751	900.0	obs_IRS1	0.522079858498481	sd_IRS1
927	dyn_ZR751	900.0	obs_IRS1	0.4480383280936832	sd_IRS1
928	dyn_ZR751	900.0	obs_IRS1pS636_639	0.750272420016352	sd_IRS1pS636_639
929	dyn_ZR751	900.0	obs_IRS1pS636_639	0.4387958565831402	sd_IRS1pS636_639
930	dyn_ZR751	900.0	obs_IRS1pS636_639	0.3091115759809664	sd_IRS1pS636_639
931	dyn_ZR751	900.0	obs_IRS1pS636_639	0.5471442478749966	sd_IRS1pS636_639
932	dyn_ZR751	900.0	obs_4E_BP1	1.2884017764116205	sd_4E_BP1
933	dyn_ZR751	900.0	obs_4E_BP1	1.1170416001790628	sd_4E_BP1
934	dyn_ZR751	900.0	obs_4E_BP1	2.068607777132906	sd_4E_BP1
935	dyn_ZR751	900.0	obs_4E_BP1	0.9606480770030306	sd_4E_BP1
936	dyn_ZR751	900.0	obs_4E_BP1pT37_46	1.488369466658344	sd_4E_BP1pT37_46
937	dyn_ZR751	900.0	obs_4E_BP1pT37_46	1.1214745149545886	sd_4E_BP1pT37_46
938	dyn_ZR751	900.0	obs_4E_BP1pT37_46	0.8723153014289005	sd_4E_BP1pT37_46
939	dyn_ZR751	900.0	obs_4E_BP1pT37_46	1.0108234512797891	sd_4E_BP1pT37_46
940	dyn_ZR751	1800.0	obs_Akt	0.8143716962360279	sd_Akt
941	dyn_ZR751	1800.0	obs_Akt	0.9217382975826341	sd_Akt
942	dyn_ZR751	1800.0	obs_Akt	0.9003252893348522	sd_Akt
943	dyn_ZR751	1800.0	obs_Akt	1.038805479599227	sd_Akt
944	dyn_ZR751	1800.0	obs_AktpT308	1.4183681964398733	sd_AktpT308
945	dyn_ZR751	1800.0	obs_AktpT308	0.888892703633647	sd_AktpT308
946	dyn_ZR751	1800.0	obs_AktpT308	1.059640391875855	sd_AktpT308
947	dyn_ZR751	1800.0	obs_PRAS40	1.138867404684877	sd_PRAS40
948	dyn_ZR751	1800.0	obs_PRAS40	1.0898718994076633	sd_PRAS40
949	dyn_ZR751	1800.0	obs_PRAS40	1.3106760623857407	sd_PRAS40
950	dyn_ZR751	1800.0	obs_PRAS40	1.054625817603487	sd_PRAS40
951	dyn_ZR751	1800.0	obs_PRAS40pT246	1.1766367057354468	sd_PRAS40pT246
952	dyn_ZR751	1800.0	obs_PRAS40pT246	1.2061334351689512	sd_PRAS40pT246
953	dyn_ZR751	1800.0	obs_PRAS40pT246	1.4085806741134979	sd_PRAS40pT246
954	dyn_ZR751	1800.0	obs_PRAS40pT246	1.4538927312634646	sd_PRAS40pT246
955	dyn_ZR751	1800.0	obs_S6K	0.8935641354022617	sd_S6K
956	dyn_ZR751	1800.0	obs_S6K	0.5716032969289871	sd_S6K
957	dyn_ZR751	1800.0	obs_S6K	0.37692112562915564	sd_S6K
958	dyn_ZR751	1800.0	obs_S6K	0.8033609453666916	sd_S6K
959	dyn_ZR751	1800.0	obs_S6KpT389	0.431899464836436	sd_S6KpT389
960	dyn_ZR751	1800.0	obs_S6KpT389	0.6070143750207821	sd_S6KpT389
961	dyn_ZR751	1800.0	obs_S6KpT389	0.6477774110280062	sd_S6KpT389
962	dyn_ZR751	1800.0	obs_S6KpT389	0.7374919054239154	sd_S6KpT389
963	dyn_ZR751	1800.0	obs_TSC2	1.099946346629348	sd_TSC2
964	dyn_ZR751	1800.0	obs_TSC2	0.8640404091490225	sd_TSC2
965	dyn_ZR751	1800.0	obs_TSC2	0.92461384469423	sd_TSC2
966	dyn_ZR751	1800.0	obs_TSC2	0.9825615062516455	sd_TSC2
967	dyn_ZR751	1800.0	obs_TSC2pT1462	0.5604068692041124	sd_TSC2pT1462
968	dyn_ZR751	1800.0	obs_TSC2pT1462	0.905737392413548	sd_TSC2pT1462
969	dyn_ZR751	1800.0	obs_TSC2pT1462	1.0115398407633198	sd_TSC2pT1462
970	dyn_ZR751	1800.0	obs_TSC2pT1462	0.9625503722202828	sd_TSC2pT1462
971	dyn_ZR751	1800.0	obs_IRS1	0.9734264137021083	sd_IRS1
972	dyn_ZR751	1800.0	obs_IRS1	0.8849824460286133	sd_IRS1
973	dyn_ZR751	1800.0	obs_IRS1	0.5654164842550977	sd_IRS1
974	dyn_ZR751	1800.0	obs_IRS1	0.5655410866257403	sd_IRS1
975	dyn_ZR751	1800.0	obs_IRS1pS636_639	0.7049000037004539	sd_IRS1pS636_639
976	dyn_ZR751	1800.0	obs_IRS1pS636_639	1.1123285463809067	sd_IRS1pS636_639
977	dyn_ZR751	1800.0	obs_IRS1pS636_639	0.5580364198818223	sd_IRS1pS636_639
978	dyn_ZR751	1800.0	obs_IRS1pS636_639	0.5904790858544193	sd_IRS1pS636_639
979	dyn_ZR751	1800.0	obs_4E_BP1	2.1598653478630307	sd_4E_BP1
980	dyn_ZR751	1800.0	obs_4E_BP1	0.9466250818369939	sd_4E_BP1
981	dyn_ZR751	1800.0	obs_4E_BP1	1.5465717561407353	sd_4E_BP1
982	dyn_ZR751	1800.0	obs_4E_BP1	1.1491205125843178	sd_4E_BP1
983	dyn_ZR751	1800.0	obs_4E_BP1pT37_46	2.0757522759961926	sd_4E_BP1pT37_46
984	dyn_ZR751	1800.0	obs_4E_BP1pT37_46	1.2075483263334252	sd_4E_BP1pT37_46
985	dyn_ZR751	1800.0	obs_4E_BP1pT37_46	2.017906455536463	sd_4E_BP1pT37_46
986	dyn_ZR751	1800.0	obs_4E_BP1pT37_46	1.7122345989405168	sd_4E_BP1pT37_46
987	dyn_ZR751	3600.0	obs_Akt	0.9490467480114524	sd_Akt
988	dyn_ZR751	3600.0	obs_Akt	0.828199581418587	sd_Akt
989	dyn_ZR751	3600.0	obs_Akt	0.9791362074231378	sd_Akt
990	dyn_ZR751	3600.0	obs_Akt	1.0035638584229871	sd_Akt
991	dyn_ZR751	3600.0	obs_AktpT308	0.9696226772801587	sd_AktpT308
992	dyn_ZR751	3600.0	obs_AktpT308	1.0974357278818863	sd_AktpT308
993	dyn_ZR751	3600.0	obs_AktpT308	0.9115973705746925	sd_AktpT308
994	dyn_ZR751	3600.0	obs_PRAS40	1.0876637995964376	sd_PRAS40
995	dyn_ZR751	3600.0	obs_PRAS40	1.0959890646850237	sd_PRAS40
996	dyn_ZR751	3600.0	obs_PRAS40	1.3271543215380788	sd_PRAS40
997	dyn_ZR751	3600.0	obs_PRAS40	1.0556487117498288	sd_PRAS40
998	dyn_ZR751	3600.0	obs_PRAS40pT246	0.9008013620613605	sd_PRAS40pT246
999	dyn_ZR751	3600.0	obs_PRAS40pT246	1.1458177648777232	sd_PRAS40pT246
1000	dyn_ZR751	3600.0	obs_PRAS40pT246	1.4445463894171546	sd_PRAS40pT246
1001	dyn_ZR751	3600.0	obs_PRAS40pT246	1.3232961931714382	sd_PRAS40pT246
1002	dyn_ZR751	3600.0	obs_S6K	0.8870978662594282	sd_S6K
1003	dyn_ZR751	3600.0	obs_S6K	0.572585009749787	sd_S6K
1004	dyn_ZR751	3600.0	obs_S6K	0.38287049684324825	sd_S6K
1005	dyn_ZR751	3600.0	obs_S6K	0.7458389056463676	sd_S6K
1006	dyn_ZR751	3600.0	obs_S6KpT389	0.546838487764588	sd_S6KpT389
1007	dyn_ZR751	3600.0	obs_S6KpT389	0.6526692307380554	sd_S6KpT389
1008	dyn_ZR751	3600.0	obs_S6KpT389	1.0140809503110335	sd_S6KpT389
1009	dyn_ZR751	3600.0	obs_S6KpT389	0.7425656365052373	sd_S6KpT389
1010	dyn_ZR751	3600.0	obs_TSC2	0.49876197083319757	sd_TSC2
1011	dyn_ZR751	3600.0	obs_TSC2	0.9198742241519499	sd_TSC2
1012	dyn_ZR751	3600.0	obs_TSC2	0.9219946225613745	sd_TSC2
1013	dyn_ZR751	3600.0	obs_TSC2	1.0078427268955328	sd_TSC2
1014	dyn_ZR751	3600.0	obs_TSC2pT1462	0.5863108499893043	sd_TSC2pT1462
1015	dyn_ZR751	3600.0	obs_TSC2pT1462	0.9191505878830095	sd_TSC2pT1462
1016	dyn_ZR751	3600.0	obs_TSC2pT1462	0.9895462466153186	sd_TSC2pT1462
1017	dyn_ZR751	3600.0	obs_TSC2pT1462	0.9122803159544813	sd_TSC2pT1462
1018	dyn_ZR751	3600.0	obs_IRS1	0.9665409677924058	sd_IRS1
1019	dyn_ZR751	3600.0	obs_IRS1	1.033328009620104	sd_IRS1
1020	dyn_ZR751	3600.0	obs_IRS1	0.5406334262578144	sd_IRS1
1021	dyn_ZR751	3600.0	obs_IRS1	0.5202643711859581	sd_IRS1
1022	dyn_ZR751	3600.0	obs_IRS1pS636_639	0.6182569410940756	sd_IRS1pS636_639
1023	dyn_ZR751	3600.0	obs_IRS1pS636_639	1.2857271480408528	sd_IRS1pS636_639
1024	dyn_ZR751	3600.0	obs_IRS1pS636_639	0.5514182676833125	sd_IRS1pS636_639
1025	dyn_ZR751	3600.0	obs_IRS1pS636_639	0.5964017432501789	sd_IRS1pS636_639
1026	dyn_ZR751	3600.0	obs_4E_BP1	1.4525119902402783	sd_4E_BP1
1027	dyn_ZR751	3600.0	obs_4E_BP1	1.3432593823248138	sd_4E_BP1
1028	dyn_ZR751	3600.0	obs_4E_BP1	1.5655962682690454	sd_4E_BP1
1029	dyn_ZR751	3600.0	obs_4E_BP1	1.042043913601259	sd_4E_BP1
1030	dyn_ZR751	3600.0	obs_4E_BP1pT37_46	1.8717675702223664	sd_4E_BP1pT37_46
1031	dyn_ZR751	3600.0	obs_4E_BP1pT37_46	1.3409207942523125	sd_4E_BP1pT37_46
1032	dyn_ZR751	3600.0	obs_4E_BP1pT37_46	2.0402082123803678	sd_4E_BP1pT37_46
1033	dyn_ZR751	3600.0	obs_4E_BP1pT37_46	1.6513161423272955	sd_4E_BP1pT37_46
1034	dyn_ZR751	5400.0	obs_Akt	0.831334287819313	sd_Akt
1035	dyn_ZR751	5400.0	obs_Akt	0.9579800861570852	sd_Akt
1036	dyn_ZR751	5400.0	obs_Akt	0.8625383291700796	sd_Akt
1037	dyn_ZR751	5400.0	obs_Akt	0.8089671947680381	sd_Akt
1038	dyn_ZR751	5400.0	obs_AktpT308	1.0553505961663645	sd_AktpT308
1039	dyn_ZR751	5400.0	obs_AktpT308	0.9997600789614467	sd_AktpT308
1040	dyn_ZR751	5400.0	obs_AktpT308	0.8481764705386978	sd_AktpT308
1041	dyn_ZR751	5400.0	obs_PRAS40	1.0471931189339052	sd_PRAS40
1042	dyn_ZR751	5400.0	obs_PRAS40	1.0612387008595165	sd_PRAS40
1043	dyn_ZR751	5400.0	obs_PRAS40	1.1518888689382687	sd_PRAS40
1044	dyn_ZR751	5400.0	obs_PRAS40	0.8788393565476419	sd_PRAS40
1045	dyn_ZR751	5400.0	obs_PRAS40pT246	1.4715376624063126	sd_PRAS40pT246
1046	dyn_ZR751	5400.0	obs_PRAS40pT246	1.4842672300082709	sd_PRAS40pT246
1047	dyn_ZR751	5400.0	obs_PRAS40pT246	1.3720689172187164	sd_PRAS40pT246
1048	dyn_ZR751	5400.0	obs_PRAS40pT246	0.9955956351464417	sd_PRAS40pT246
1049	dyn_ZR751	5400.0	obs_S6K	0.854763998108585	sd_S6K
1050	dyn_ZR751	5400.0	obs_S6K	0.6863950996709577	sd_S6K
1051	dyn_ZR751	5400.0	obs_S6K	0.3722207215471671	sd_S6K
1052	dyn_ZR751	5400.0	obs_S6K	0.6259560084354805	sd_S6K
1053	dyn_ZR751	5400.0	obs_S6KpT389	0.49293241449029407	sd_S6KpT389
1054	dyn_ZR751	5400.0	obs_S6KpT389	0.6229223210855092	sd_S6KpT389
1055	dyn_ZR751	5400.0	obs_S6KpT389	1.238352108793732	sd_S6KpT389
1056	dyn_ZR751	5400.0	obs_S6KpT389	0.599186781002819	sd_S6KpT389
1057	dyn_ZR751	5400.0	obs_TSC2	0.6044212441746644	sd_TSC2
1058	dyn_ZR751	5400.0	obs_TSC2	0.9235098254729728	sd_TSC2
1059	dyn_ZR751	5400.0	obs_TSC2	0.8924382513585345	sd_TSC2
1060	dyn_ZR751	5400.0	obs_TSC2	0.8385166672933341	sd_TSC2
1061	dyn_ZR751	5400.0	obs_TSC2pT1462	0.6834956848589044	sd_TSC2pT1462
1062	dyn_ZR751	5400.0	obs_TSC2pT1462	0.953945545936144	sd_TSC2pT1462
1063	dyn_ZR751	5400.0	obs_TSC2pT1462	1.0418540767068214	sd_TSC2pT1462
1064	dyn_ZR751	5400.0	obs_TSC2pT1462	0.8159212732436036	sd_TSC2pT1462
1065	dyn_ZR751	5400.0	obs_IRS1	0.995942957737177	sd_IRS1
1066	dyn_ZR751	5400.0	obs_IRS1	1.075959456419991	sd_IRS1
1067	dyn_ZR751	5400.0	obs_IRS1	0.4559164047803146	sd_IRS1
1068	dyn_ZR751	5400.0	obs_IRS1	0.4880447074302143	sd_IRS1
1069	dyn_ZR751	5400.0	obs_IRS1pS636_639	0.7562984479205533	sd_IRS1pS636_639
1070	dyn_ZR751	5400.0	obs_IRS1pS636_639	1.4710560345990031	sd_IRS1pS636_639
1071	dyn_ZR751	5400.0	obs_IRS1pS636_639	0.3804052757523877	sd_IRS1pS636_639
1072	dyn_ZR751	5400.0	obs_IRS1pS636_639	0.42140051981153603	sd_IRS1pS636_639
1073	dyn_ZR751	5400.0	obs_4E_BP1	1.0929266057755356	sd_4E_BP1
1074	dyn_ZR751	5400.0	obs_4E_BP1	1.1626678744083494	sd_4E_BP1
1075	dyn_ZR751	5400.0	obs_4E_BP1	1.2343733572225555	sd_4E_BP1
1076	dyn_ZR751	5400.0	obs_4E_BP1	1.0673808762819839	sd_4E_BP1
1077	dyn_ZR751	5400.0	obs_4E_BP1pT37_46	1.841624677023158	sd_4E_BP1pT37_46
1078	dyn_ZR751	5400.0	obs_4E_BP1pT37_46	1.2647251013636578	sd_4E_BP1pT37_46
1079	dyn_ZR751	5400.0	obs_4E_BP1pT37_46	1.3499936135616304	sd_4E_BP1pT37_46
1080	dyn_ZR751	5400.0	obs_4E_BP1pT37_46	1.3920844681446234	sd_4E_BP1pT37_46
1081	dyn_ZR751	7200.0	obs_Akt	0.9320490088635515	sd_Akt
1082	dyn_ZR751	7200.0	obs_Akt	1.2968115242324916	sd_Akt
1083	dyn_ZR751	7200.0	obs_Akt	1.07306201967306	sd_Akt
1084	dyn_ZR751	7200.0	obs_Akt	0.7368073142023694	sd_Akt
1085	dyn_ZR751	7200.0	obs_AktpT308	0.8217178267502	sd_AktpT308
1086	dyn_ZR751	7200.0	obs_AktpT308	1.1025471031845469	sd_AktpT308
1087	dyn_ZR751	7200.0	obs_AktpT308	0.8442025662977414	sd_AktpT308
1088	dyn_ZR751	7200.0	obs_PRAS40	0.931321747980657	sd_PRAS40
1089	dyn_ZR751	7200.0	obs_PRAS40	1.250111006974135	sd_PRAS40
1090	dyn_ZR751	7200.0	obs_PRAS40	1.2197578604437238	sd_PRAS40
1091	dyn_ZR751	7200.0	obs_PRAS40	0.9550464233398103	sd_PRAS40
1092	dyn_ZR751	7200.0	obs_PRAS40pT246	1.464367075838661	sd_PRAS40pT246
1093	dyn_ZR751	7200.0	obs_PRAS40pT246	1.7057438015303454	sd_PRAS40pT246
1094	dyn_ZR751	7200.0	obs_PRAS40pT246	1.26145501515044	sd_PRAS40pT246
1095	dyn_ZR751	7200.0	obs_PRAS40pT246	0.779452286956734	sd_PRAS40pT246
1096	dyn_ZR751	7200.0	obs_S6K	0.7928470995120038	sd_S6K
1097	dyn_ZR751	7200.0	obs_S6K	0.6892907986502775	sd_S6K
1098	dyn_ZR751	7200.0	obs_S6K	0.3240158691097636	sd_S6K
1099	dyn_ZR751	7200.0	obs_S6K	0.5343388424260372	sd_S6K
1100	dyn_ZR751	7200.0	obs_S6KpT389	0.35743569747637743	sd_S6KpT389
1101	dyn_ZR751	7200.0	obs_S6KpT389	0.7571171462562605	sd_S6KpT389
1102	dyn_ZR751	7200.0	obs_S6KpT389	1.217991297418322	sd_S6KpT389
1103	dyn_ZR751	7200.0	obs_S6KpT389	0.45747636796132707	sd_S6KpT389
1104	dyn_ZR751	7200.0	obs_TSC2	0.4719365311885648	sd_TSC2
1105	dyn_ZR751	7200.0	obs_TSC2	1.1650304383394665	sd_TSC2
1106	dyn_ZR751	7200.0	obs_TSC2	0.8578632967795851	sd_TSC2
1107	dyn_ZR751	7200.0	obs_TSC2	0.8195254743579492	sd_TSC2
1108	dyn_ZR751	7200.0	obs_TSC2pT1462	0.7816793352635129	sd_TSC2pT1462
1109	dyn_ZR751	7200.0	obs_TSC2pT1462	1.2310232331251596	sd_TSC2pT1462
1110	dyn_ZR751	7200.0	obs_TSC2pT1462	0.7972202279850407	sd_TSC2pT1462
1111	dyn_ZR751	7200.0	obs_TSC2pT1462	0.7981371205598865	sd_TSC2pT1462
1112	dyn_ZR751	7200.0	obs_IRS1	0.8034564742912723	sd_IRS1
1113	dyn_ZR751	7200.0	obs_IRS1	0.7884733784416018	sd_IRS1
1114	dyn_ZR751	7200.0	obs_IRS1	0.42782709633257937	sd_IRS1
1115	dyn_ZR751	7200.0	obs_IRS1	0.4035470899092677	sd_IRS1
1116	dyn_ZR751	7200.0	obs_IRS1pS636_639	0.5435281924373422	sd_IRS1pS636_639
1117	dyn_ZR751	7200.0	obs_IRS1pS636_639	1.4866655607947086	sd_IRS1pS636_639
1118	dyn_ZR751	7200.0	obs_IRS1pS636_639	0.4952631857236865	sd_IRS1pS636_639
1119	dyn_ZR751	7200.0	obs_IRS1pS636_639	0.4506131456364099	sd_IRS1pS636_639
1120	dyn_ZR751	7200.0	obs_4E_BP1	0.993083587777786	sd_4E_BP1
1121	dyn_ZR751	7200.0	obs_4E_BP1	2.1402799483017043	sd_4E_BP1
1122	dyn_ZR751	7200.0	obs_4E_BP1	1.454288371245779	sd_4E_BP1
1123	dyn_ZR751	7200.0	obs_4E_BP1	0.9911943487754262	sd_4E_BP1
1124	dyn_ZR751	7200.0	obs_4E_BP1pT37_46	1.6305708795301002	sd_4E_BP1pT37_46
1125	dyn_ZR751	7200.0	obs_4E_BP1pT37_46	1.4292881083993512	sd_4E_BP1pT37_46
1126	dyn_ZR751	7200.0	obs_4E_BP1pT37_46	1.4642906525509585	sd_4E_BP1pT37_46
1127	dyn_ZR751	7200.0	obs_4E_BP1pT37_46	1.3091506181111627	sd_4E_BP1pT37_46
