,RSS,AAB,InsulinB,PI3K_T_MCF7,RICTOR_T_MCF7,RPTOR_T_MCF7,kAktByTor2Dephos,kAktByTor2Phos,kAktDephos,kAktPhos_kcat,kFourEBP1Dephos,kFourEBP1Phos,kIRS1Act,kIRS1Inact,kIRS1Phos,kPI3KDephos,kPI3KPhos,kPras40Dephos,kPras40Phos,kRAS,kS6KDephos,kS6KPhos,kTSC2Dephos,kTSC2Phos,kTSC2PhosBoost,kmTORC1Dephos,kmTORC1LysToCyt,kmTORC1Phos,kmTORC1_Dis,kmTORC1cytToLys,kmTORC2Dephos,kmTORC2DephosByS6K,kmTORC2_Dis,kmTOR_RIC_Comb,kmTOR_RPT_Comb,mTOR_T_MCF7
0,0.8492299999999999,0.18997,0.21969499999999997,1.43029,0.838659,0.7735890000000001,0.830622,6.6086100000000005,74.9045,5.79829,0.18303599999999998,41.2037,0.9617680000000001,0.527666,100.0,0.01,0.01,0.01,0.5218189999999999,0.06307130000000001,0.193934,32.8727,0.01,0.01,2.29258,8.68272,44.9851,99.7892,0.637208,0.04330440000000001,0.29663,51.1586,15.1742,1.4098,23.0533,4.83478
1,0.8492649999999999,0.0107113,0.5691970000000001,0.0122554,0.287981,6.73937,2.56548,2.0958200000000002,0.0100001,0.0172239,11.0353,2.8107599999999997,0.032124599999999996,0.179979,10.232999999999999,28.1671,0.010103399999999998,0.01,0.0100435,0.026003700000000005,89.5491,7.08637,0.160001,25.6512,16.583,36.8464,0.18260099999999999,9.04838,1.3769999999999998,53.8298,43.2107,0.035957800000000005,14.5143,0.0207741,3.3711,97.7486
2,0.849268,0.133733,0.569232,0.0100039,0.0100024,32.626,47.798,2.57484,0.01,0.0101568,0.14766500000000002,0.0100002,0.010125,0.0644742,100.0,100.0,70.0541,0.01,0.010034999999999999,0.010318299999999999,99.9669,59.6048,0.180033,92.7557,0.839464,10.5134,20.1101,24.2866,45.7299,99.3304,12.4156,0.0102421,65.74600000000001,99.9949,19.0422,1.0184
3,0.849273,0.17191800000000002,0.568127,0.012349899999999999,1.0299,21.4743,6.1729199999999995,0.196388,0.01,0.01,4.2140699999999995,21.8896,0.215236,1.3717,90.773,99.99700000000001,0.0104209,0.01,0.0100065,0.0108176,0.19776400000000002,0.694893,0.18120899999999998,25.1848,0.173128,0.010036100000000001,2.1958599999999997,1.7733900000000002,3.20139,1.95767,1.31971,0.010126000000000001,7.0347100000000005,99.9941,8.44125,1.90232
4,0.8492770000000001,0.0837572,0.550871,0.01,10.6419,9.06397,7.360410000000001,0.322642,0.0100002,5.84944,2.59026,5.701630000000001,0.237923,1.2259799999999998,26.6323,23.0649,1.20487,0.01,0.01,1.2538200000000002,3.8498699999999997,5.48265,6.07546,6.48172,98.0031,59.0859,14.6176,4.71885,0.261355,31.0071,0.349984,0.106501,63.5,89.3308,9.98445,9.39142
5,0.849342,0.315445,0.162849,0.01,7.364489999999999,0.010032700000000002,10.818,0.01,0.0100006,0.01,0.366954,72.6517,0.333644,0.10542,75.648,26.9615,35.7518,0.0274522,0.015327,96.165,8.76285,66.4111,54.9662,4.32067,43.3237,73.8814,71.7928,89.4033,11.1084,12.6365,40.0039,99.3196,5.27913,99.8442,0.39404,99.6481
6,0.8493440000000001,0.25385599999999997,0.564913,12.3181,100.0,90.0822,42.3396,1.38939,0.0100012,0.0100118,99.9822,63.1669,0.010199799999999998,0.0610381,48.8436,17.1521,0.0100667,0.043824199999999994,0.0124401,0.01,29.2965,3.56635,0.187565,2.68474,0.010725100000000001,0.781474,87.4571,0.015162899999999998,0.0227833,42.1308,8.5951,0.339789,4.34014,89.4192,1.37514,99.8635
7,0.849349,0.39463200000000004,0.513246,6.17126,16.4712,10.5793,13.1392,0.725704,13.7622,0.444209,0.348123,11.5662,0.010762,0.0416711,35.2443,0.01,0.026484399999999998,0.04376,0.010016299999999999,0.45865,6.20688,60.5265,26.8499,52.0719,5.5826,1.46249,29.3345,44.1659,9.399510000000001,0.011523700000000001,0.11832100000000001,0.0232255,11.845,25.6545,15.9436,35.3806
8,0.849359,0.312845,0.568579,0.0238478,95.5413,27.3165,29.3734,8.02618,37.1865,0.0928337,0.481886,2.0556,0.0105697,0.0653297,88.2407,0.0158449,0.01,0.01,0.01,0.012599299999999999,4.87076,7.7082,0.28076799999999996,0.161597,4.10683,1.0639399999999999,5.23647,8.7896,21.4719,4.20399,60.2922,0.355968,16.9428,1.44826,40.5282,1.78234
9,0.8493649999999999,0.25202199999999997,0.31603000000000003,90.9967,0.423404,7.0467,96.0778,3.60345,60.2408,0.0188117,2.3087299999999997,1.29387,0.204213,0.214966,99.9695,0.0205805,0.01,0.01,0.014180400000000001,6.713360000000001,39.2452,8.81604,10.163,0.392424,97.7174,17.14,9.05067,26.2819,8.78456,5.2622800000000005,8.16831,41.7212,10.5346,4.87405,5.0208,6.25133
10,0.849368,0.215457,0.24098699999999998,0.0120011,1.2393399999999999,10.890999999999998,76.9108,3.95896,0.0285947,5.6165,49.496,46.665,0.744816,0.46834899999999996,24.7316,97.5851,0.0105395,0.01,0.0920009,10.1916,47.2963,30.9849,0.522883,1.01747,0.5672699999999999,0.418988,25.4818,29.1639,10.1465,2.2126200000000003,6.29817,6.12713,4.84669,0.0100548,27.0636,57.3332
11,0.849368,0.113675,0.566218,0.0186216,14.9935,28.2989,99.5153,9.19862,0.025234799999999998,0.963743,21.9162,1.9623700000000002,0.0101901,0.0616274,100.0,98.9581,92.1822,0.01,0.01,0.30545500000000003,13.7494,0.491357,0.537313,26.799,97.7836,8.076039999999999,3.8285,7.491460000000001,6.17167,18.4553,92.6869,0.0484417,94.8269,6.2125699999999995,0.11931900000000001,99.9939
12,0.849368,0.284598,0.383312,0.0316633,0.21366300000000002,1.19804,0.888396,1.7045,0.0265281,0.0118051,86.6271,92.3439,0.751313,0.8341850000000001,100.0,1.8126400000000003,0.033301199999999996,0.01,0.0100013,20.2207,22.8447,1.51115,3.1979599999999997,0.09501339999999998,39.0147,52.2067,1.2573,53.643,1.03987,0.64332,2.7019,1.8653099999999998,58.7663,0.0308153,2.49965,70.9599
13,0.849369,0.154808,0.43215699999999996,0.647746,0.351986,72.5415,36.3094,6.46,0.029817400000000004,0.0107044,1.8679299999999999,15.5855,0.252273,0.553071,15.51,59.3511,0.08297080000000001,0.01,0.0104363,0.625065,15.5464,99.9979,0.5435,59.1382,3.7995400000000004,31.749000000000002,5.33053,18.6943,46.7131,2.71038,28.8205,45.0491,96.6076,1.61925,33.168,23.9989
14,0.8493700000000001,0.11249,0.569289,9.8437,0.0952725,0.12421700000000001,7.42515,11.6315,95.8832,0.010771600000000001,1.19371,14.9074,0.0106564,0.0642337,84.8792,0.035145800000000005,0.0114296,0.01,0.285061,0.0148399,7.516380000000001,33.3195,0.627747,10.6829,5.41648,1.8205200000000001,0.501174,20.2667,40.0559,88.0511,12.1604,0.0111103,79.8471,2.05265,2.81236,92.1145
15,0.8493700000000001,0.12479000000000001,0.5630310000000001,0.108181,0.0338166,30.4479,5.062469999999999,16.1562,35.0924,0.0106212,9.14676,14.338,0.15847,0.943782,32.2095,0.0484143,0.01,0.01,9.26786,0.0111493,13.8171,16.4869,0.895336,68.7927,0.033784800000000004,99.436,44.9609,19.3265,20.9476,23.383000000000003,95.9772,1.24965,5.77214,33.0815,41.0596,99.8608
16,0.8493709999999999,0.011563,0.5501050000000001,0.0883586,16.8027,27.9059,4.758030000000001,1.50227,98.4494,3.2239999999999998,2.39774,5.57443,0.378247,2.03817,100.0,0.062075,0.01,0.010000299999999998,0.0862383,0.731916,13.8509,24.6378,9.7511,0.92617,61.6419,26.8119,2.8887099999999997,0.997006,0.0459953,39.2822,1.5250299999999999,0.0367445,35.0251,0.01,5.84277,94.36200000000001
17,0.8493709999999999,0.199996,0.569225,0.010402100000000001,0.044344,11.5003,98.8524,98.0266,0.12951700000000002,0.0124077,12.665999999999999,90.8903,0.06982519999999999,0.43468100000000004,99.8322,0.0814456,0.0101805,0.01,0.41283500000000006,0.010380799999999999,37.0205,80.9894,0.737051,2.76912,40.0858,37.6675,42.9126,36.0025,6.69187,25.3523,97.132,0.0283573,94.2532,0.245912,13.3741,0.20058099999999998
18,0.8493709999999999,0.0861205,0.149559,1.9525,1.98141,34.0253,85.4816,28.7779,100.0,0.014159999999999999,25.2482,98.5166,2.59679,0.796605,99.2352,0.0543281,0.01,0.0100006,0.01,99.9949,1.9880099999999998,5.99696,2.42758,97.9626,22.7016,0.879858,22.5176,11.5628,99.9825,98.338,0.0140469,71.5572,47.1287,0.01,0.642365,87.0871
19,0.8493709999999999,0.05269,0.569604,0.012,0.228625,99.7451,99.7945,0.0171472,98.7607,0.756416,99.5987,37.8914,0.228719,1.45417,55.7089,0.0664847,0.010053399999999999,0.01,0.010209200000000002,0.032601,36.9693,10.1276,1.21917,19.6137,0.680286,99.977,28.4365,13.1154,0.793175,82.6707,44.6408,0.0247644,99.4666,89.3963,74.9701,40.766999999999996
20,0.8493709999999999,0.17116099999999998,0.392434,0.121826,0.834757,25.2203,18.4686,0.519519,0.04359880000000001,5.26084,12.7684,50.9761,0.189023,0.326968,97.8224,9.941930000000001,0.0927268,0.01,0.01,43.3337,6.608510000000001,20.0367,0.794737,1.58934,0.0428587,1.09438,32.9259,29.7316,7.3491800000000005,0.6587930000000001,93.1148,0.0356411,41.7372,9.4253,5.4942400000000005,13.0294
21,0.8493719999999999,0.18653599999999998,0.56944,0.01,0.157323,100.0,99.9306,3.80566,0.07549410000000001,0.0120228,76.1243,59.56399999999999,0.0488447,0.308846,99.9575,0.593241,0.121045,0.01,0.240456,0.0100001,39.4595,20.4767,1.17921,2.22781,42.3937,17.3157,9.94862,76.0674,76.5533,32.5805,100.0,0.014516299999999998,100.0,5.07768,79.0108,7.6776100000000005
22,0.8493719999999999,0.20339000000000002,0.569258,0.0106836,0.567078,22.03,99.9995,13.2167,0.345354,0.0101422,24.5903,34.8232,3.04815,16.625,95.8976,17.5676,8.785160000000001,0.01,0.0100027,0.0143029,18.6,19.1883,6.11568,0.68296,0.7308640000000001,4.46115,99.2804,40.9203,17.0259,3.0683700000000003,99.4381,0.0100362,99.7043,4.98442,96.1768,29.5857
23,0.8493719999999999,0.268867,0.560805,0.863032,1.02281,2.4582900000000003,12.7574,6.60735,0.19575599999999999,0.017593900000000003,9.50712,12.272,1.44205,6.832739999999999,72.7363,2.2038900000000003,0.0100133,0.01,0.010001600000000001,0.112695,11.7189,8.016119999999999,3.4524199999999996,5.69983,50.037,9.46167,56.9483,33.249,0.8676360000000001,3.2303599999999997,7.245660000000001,4.30839,97.2219,4.27832,6.3247800000000005,43.5932
24,0.8493719999999999,0.150779,0.5691189999999999,99.9936,1.53395,14.3203,20.3941,0.012184200000000001,52.2863,0.0144164,6.13924,26.421,0.558438,3.54028,99.9086,0.136152,0.010142299999999998,0.01,0.012947499999999999,0.018460900000000002,30.2175,99.9518,2.4887200000000003,0.0116035,0.0103284,99.8672,91.1289,100.0,96.5129,16.0559,97.4902,0.0355037,33.0868,59.2791,29.6915,96.2823
25,0.8493719999999999,0.06948969999999999,0.568448,0.132825,1.3596,2.11175,25.7885,79.9043,89.3908,94.2728,8.29381,22.818,0.335256,2.10859,99.9897,0.0885193,0.01,0.01,0.011470600000000001,0.024653099999999997,32.6722,59.6041,6.62962,1.24044,99.9533,12.1385,12.1762,7.788139999999999,17.9247,76.2877,99.8271,0.0105089,5.517580000000001,25.4855,13.03,98.4051
26,0.8493719999999999,0.139129,0.491749,2.50081,2.4168,19.2321,3.7322300000000004,0.47894799999999993,0.0960735,0.0109424,6.11222,18.8206,1.55988,5.11216,93.1933,85.3355,0.326262,0.0100001,0.0137137,8.150730000000001,3.2042599999999997,7.54368,3.03258,21.1006,3.57986,14.1174,5.7340800000000005,4.33741,4.6406,2.09178,98.0031,0.0872404,3.48095,10.4421,0.649014,92.6426
27,0.8493719999999999,0.050332800000000004,0.568803,0.010106,0.0103848,99.8304,100.0,9.18281,0.102897,30.9981,3.76436,9.43561,0.010003299999999998,0.0638175,66.4976,32.7486,0.0547828,0.01,0.0100159,0.0107073,14.6573,28.5352,1.8772799999999998,5.16704,0.244752,99.7817,0.11333599999999999,6.78976,49.5978,99.7331,68.1309,0.161913,98.7738,68.2407,0.399518,93.4126
28,0.8493719999999999,0.14711,0.0985531,1.7749400000000002,30.09,14.7868,21.6426,0.0197023,0.07527410000000001,0.0638591,3.61449,15.0125,8.67188,1.49799,41.9014,100.0,0.0104765,0.0100032,3.075,57.0562,22.5306,69.8274,1.48206,40.9828,1.7779099999999999,25.8777,15.2535,20.2522,8.27513,5.4371,0.0437069,8.767539999999999,12.9175,30.7006,1.66793,30.9538
29,0.8493719999999999,0.150822,0.566658,0.0429994,21.3885,99.4269,55.6084,14.2903,0.20526599999999998,0.012645100000000001,26.1201,30.5708,1.43021,7.57095,52.5168,40.1547,1.29403,0.01,0.0709443,0.132967,26.9838,21.7018,6.80709,9.72883,98.9965,15.6403,46.361000000000004,12.6567,19.6823,33.0832,50.2901,0.014347,7.36383,21.9047,99.6006,9.007530000000001
30,0.8493719999999999,0.09694610000000001,0.569396,0.9108620000000001,0.0232933,99.31299999999999,99.8234,5.4387,0.40578600000000004,0.0473813,31.2872,29.3332,3.7442300000000004,19.0193,99.9844,94.4838,0.010862100000000001,0.01,0.143476,0.0134523,44.1018,28.3647,7.369339999999999,4.383780000000001,27.6288,99.7571,18.2323,27.9678,20.4439,53.4521,98.1141,0.014618299999999999,51.2439,2.79175,5.300009999999999,9.9678
31,0.8493719999999999,0.150568,0.533069,0.0206122,0.472184,38.1267,65.0763,10.0154,0.24763600000000002,6.0745,11.2881,18.0666,1.8465099999999999,8.16478,99.6248,33.1793,0.010041,0.01,0.13880699999999999,3.82491,30.4805,37.3077,51.9541,3.2982699999999996,73.8301,98.1949,78.5102,29.4896,0.014735299999999998,9.22362,99.8411,2.65775,26.6046,1.77385,46.2234,99.4014
32,0.8493719999999999,0.0997207,0.569082,0.0488158,3.91531,10.8591,37.9394,5.15908,0.252375,4.0544400000000005,12.2104,37.8571,1.7486700000000002,10.3726,99.0223,9.99062,0.013896200000000001,0.01,0.022759599999999998,0.014827200000000002,9.50711,22.0966,4.52149,0.0208347,0.42293500000000006,23.0272,5.39398,4.45095,11.1256,13.7449,20.0993,0.019830900000000002,98.0926,2.7324200000000003,5.19575,34.5626
33,0.8493719999999999,0.24181100000000003,0.567639,10.1171,33.3308,63.2997,8.675419999999999,7.80341,0.08866339999999999,0.06984989999999999,4.59856,9.68416,0.01,0.0602774,34.513000000000005,5.98555,0.0116943,0.0100035,0.106912,0.0514062,4.01353,5.6256,1.60012,67.3617,0.0100048,0.0102406,76.2704,18.4402,3.08034,1.40411,0.0936817,0.0656477,42.9816,23.3906,99.986,4.34194
34,0.8493719999999999,0.0100307,0.568734,7.93087,0.04913,3.3028,8.25592,94.5589,0.0914707,0.010033799999999999,3.46489,47.0837,0.0187431,0.118441,84.4478,8.40541,0.194119,0.0100054,0.30101,0.015104900000000001,5.784009999999999,60.3007,1.40268,0.06841950000000001,7.783110000000001,69.6103,3.2173599999999998,3.8402300000000005,0.738029,60.7494,8.58584,0.0175902,90.9085,0.0293062,15.995,99.5619
35,0.8493719999999999,0.42566499999999996,95.5855,0.01,0.010006399999999999,8.50296,0.0340407,0.01,0.15225,0.0296296,5.3636099999999995,0.01,61.598,4.3334,82.1901,99.9997,0.01,0.01,0.0116804,1.11707,61.6879,5.787059999999999,100.0,0.047180400000000004,99.9713,21.2698,0.30849699999999997,3.8188800000000005,100.0,0.243925,0.0147858,0.014639600000000001,34.1709,61.3197,1.8533,6.28421
36,0.8493729999999999,0.142517,0.568627,0.024414599999999998,2.34315,32.2157,43.1955,21.8876,0.35587399999999997,1.5442799999999999,15.1034,19.3621,2.14827,12.5318,99.9005,23.3571,0.0183232,0.01,0.0101491,0.10456900000000001,41.4101,40.169000000000004,11.0063,1.7970700000000002,99.5311,0.0424473,1.9064599999999998,22.4867,99.9109,27.9934,97.7578,0.0653791,88.816,51.2778,21.8627,93.4872
37,0.8493729999999999,0.0416276,0.569715,0.0290014,3.4130800000000003,67.2963,38.3527,0.46015200000000006,0.420538,0.01,22.145,46.2755,3.18027,17.9607,100.0,43.0179,0.01,0.01,0.0124527,0.0211506,27.9279,44.7276,7.35704,39.5446,39.681,100.0,0.0217088,2.65287,28.3189,85.2156,91.3145,0.01,99.7793,39.8734,96.1475,97.0787
38,0.8493729999999999,0.18798099999999998,0.56924,0.11736400000000001,1.1516,35.0569,79.1238,0.0110726,0.307691,0.0103175,20.9483,36.9598,2.86236,14.5404,99.969,7.06262,0.051575,0.01,0.9839209999999999,0.010026,12.3801,13.604000000000001,5.39794,62.3092,12.9284,4.34283,4.42215,27.1473,43.8696,23.0689,48.951,0.0111459,47.417,7.682239999999999,49.7571,3.07057
39,0.8493729999999999,0.198499,0.250755,0.187861,2.34631,99.1973,41.6972,2.8090599999999997,0.561121,0.011377799999999999,99.9246,96.5574,64.4471,26.2803,99.89200000000001,29.5276,0.015534399999999999,0.01,0.0109611,99.6892,54.1394,32.6333,73.5774,0.017384200000000002,46.076,99.6514,99.9818,21.9782,45.4931,56.5235,0.0467964,0.142956,98.8434,44.2063,93.5739,17.5264
40,0.8493729999999999,0.053469,0.5512229999999999,0.749342,4.3960099999999995,3.59996,49.3071,0.714156,0.36657199999999995,0.010935799999999999,23.4647,46.9542,4.52144,18.7576,100.0,91.4143,0.0459247,0.01,0.0100124,2.13547,56.8439,74.7667,84.4788,0.01,98.5782,22.6361,7.4434,6.8075600000000005,15.581,87.7009,15.7102,0.0105633,89.7224,73.4884,15.4989,97.3169
41,0.8493729999999999,0.328038,0.432438,0.01,6.639469999999999,100.0,80.0061,0.111171,0.390434,0.0230488,16.3418,15.4613,46.1339,15.4993,54.0567,19.3036,0.016332299999999998,0.01,0.0107413,24.2033,41.9981,18.464000000000002,7.030410000000001,27.393,5.6388,45.9388,30.3665,35.5329,65.6107,6.61453,53.4385,3.3662900000000002,58.4581,0.483595,21.1486,21.1661
42,0.8493729999999999,0.201326,0.174441,0.167191,3.8825,14.2,58.7193,0.8158380000000001,0.340143,0.01,99.1367,97.8637,80.3625,13.6014,68.5357,12.0226,0.012052799999999999,0.01,0.0130709,62.1389,21.4518,10.086,26.1795,4.58712,6.3947400000000005,0.0100168,44.5256,2.48623,31.015,46.4236,33.8219,87.0735,3.8378,28.9436,80.9482,21.0339
43,0.849376,0.015034200000000001,0.568602,0.330432,99.5969,74.5933,71.8792,20.576999999999998,0.810417,0.0201081,14.722000000000001,74.428,0.053133900000000005,0.328886,99.7953,0.11897100000000001,0.023219999999999998,0.01,2.9237599999999997,0.014378799999999999,14.404000000000002,56.3604,4.44706,3.4735,99.3422,16.2739,0.0134209,1.49001,9.29423,87.1565,14.3727,0.0100544,94.6299,0.369883,0.0199399,98.0204
44,0.8493790000000001,0.010015399999999999,0.331791,0.01,0.28189699999999995,1.0523,4.95409,5.79491,0.0100002,99.9813,35.2949,39.7747,0.0100759,0.010032,10.277000000000001,7.240310000000001,0.0101595,0.01,0.0100258,5.62349,92.3839,11.4798,22.0343,1.9291,2.96549,12.6103,0.522983,87.6638,1.9990700000000001,83.8382,12.1969,0.08416599999999999,1.7119,18.6414,0.0100395,55.1047
45,0.8493809999999999,0.21987800000000002,0.01,0.01,5.2704,56.6546,31.5293,96.1819,0.0703032,0.117148,26.8368,0.9893569999999999,0.778995,0.0111764,91.8207,99.9684,3.64817,0.01,6.95258,11.0279,25.6017,0.108399,0.6635260000000001,0.030001499999999997,0.8699379999999999,3.06593,0.01,7.60165,19.4661,14.3038,3.3854599999999997,0.01,0.0147202,26.739,49.2052,56.4359
46,0.849382,0.16509100000000002,0.234014,1.69147,22.4523,96.5718,35.1864,2.2425900000000003,0.27986500000000003,0.010586,21.9558,15.3509,0.016402700000000003,0.0100015,18.6137,13.3119,0.7775489999999999,0.0100032,4.774290000000001,7.39324,7.76965,4.00291,3.33313,100.0,0.0115869,0.16439700000000002,33.885,17.4462,21.1509,9.17708,22.5593,57.2389,6.5816300000000005,4.07796,5.33424,31.4554
47,0.849383,0.407037,0.551608,0.015216200000000001,1.0326799999999998,55.9045,1.7292299999999998,9.32029,0.013297799999999999,0.286169,0.236013,2.75382,0.657647,0.188153,2.8629700000000002,100.0,0.035219400000000005,0.047469,0.49371099999999996,0.21751199999999998,9.35487,17.4832,0.246563,0.8907639999999999,0.43909,0.0141547,99.6771,14.1154,3.7037699999999996,0.27821799999999997,2.81294,1.8269400000000002,11.1681,49.4064,38.22,1.44502
48,0.849383,0.311131,0.30845700000000004,1.83465,12.1384,29.6147,25.2528,100.0,0.0746503,0.0100693,19.5459,5.5391900000000005,0.01,0.0100285,22.0519,50.6469,31.7399,0.01,0.0253012,24.6578,89.7891,12.321,1.3068600000000001,2.15362,0.0100004,2.35327,51.6113,12.8673,0.0599102,0.961686,33.1828,29.8231,12.3636,1.79066,59.4746,14.9416
49,0.849383,0.367963,0.568749,0.0804854,2.21579,8.07132,43.2057,1.02141,20.7757,4.89205,0.61173,90.3393,0.030982299999999997,0.198349,93.4937,0.0138309,0.0149415,0.0596686,0.0162158,0.011705799999999999,0.447355,16.419,0.25195100000000004,13.2447,0.790728,0.034056,83.2166,15.8378,12.8925,3.32786,39.571999999999996,0.0850437,0.0332209,0.181109,0.0121626,7.227239999999999
50,0.849384,0.312605,0.5685060000000001,0.0393134,76.7672,30.1603,33.8633,1.01874,0.34886100000000003,0.222125,12.1033,64.5483,2.7537,12.7532,99.9046,52.1708,0.762138,1.1424,0.0649943,0.0517269,13.0516,37.283,6.50858,6.155869999999999,2.35344,31.8321,32.6082,13.1691,31.6795,3.5392300000000003,62.4205,0.162931,32.9601,0.014482499999999999,6.672789999999999,9.58676
51,0.849384,0.397662,0.569244,0.034125300000000004,0.07702310000000001,19.6396,13.0965,0.21518099999999998,16.262,0.254793,0.28579899999999997,0.34739200000000003,0.0302704,0.195169,100.0,0.0158895,0.01,0.06865360000000001,44.6407,0.012549600000000001,5.03735,62.0844,0.299939,3.6034599999999997,92.1224,13.6406,16.9607,25.7161,2.3564599999999998,0.01,64.3295,0.58273,92.1662,14.568,2.62554,7.10457
52,0.849384,0.346994,0.31229,0.0120684,73.35,8.72978,50.1887,0.197411,0.17038299999999998,26.6168,3.59539,12.3413,0.0107724,0.0109493,99.8024,42.7382,0.43671000000000004,0.602893,10.735999999999999,57.0975,8.320969999999999,3.3652699999999998,33.5213,85.8374,9.7519,93.3479,0.607216,34.6737,25.1127,3.8455,93.1932,35.7439,3.72131,5.94337,47.3648,14.6256
53,0.849384,0.27571100000000004,0.569717,96.3485,7.03325,6.6167,32.1369,1.38704,3.37216,0.0267079,13.9312,40.5799,0.24798,1.5788,99.8186,0.106215,0.010000299999999998,0.302737,0.0159805,0.0100042,26.3558,44.9121,1.9667700000000001,0.658832,0.352027,11.2871,8.12989,5.08085,3.71993,1.18381,11.2415,0.0368521,37.7344,1.31171,99.8898,10.7868
54,0.849384,0.310172,0.569889,3.1678599999999997,10.2453,43.6782,95.9771,0.199792,0.79359,0.012074,9.919830000000001,100.0,0.26949,1.69607,99.99700000000001,0.187006,0.010003100000000001,0.49796899999999994,0.261942,0.010070200000000001,13.1889,74.0995,2.9091299999999998,1.0383799999999999,0.54276,1.7767099999999998,25.4374,17.7461,16.6993,1.41806,80.2046,0.0130186,99.1056,0.42887700000000006,22.6528,1.88085
55,0.849384,0.299962,0.5699270000000001,0.0100002,6.17816,16.1403,95.0088,1.51862,0.679499,27.8479,5.2230300000000005,33.6309,0.32812800000000003,2.0773,100.0,0.27325,0.01,0.661352,0.280317,0.01,10.375,38.236,3.6628199999999995,0.525758,99.9961,100.0,29.3309,10.8565,20.1332,2.83901,100.0,0.01,85.6616,19.6837,70.3778,76.7757
56,0.849384,0.40710999999999997,0.568811,0.022705200000000002,2.5026900000000003,15.9748,100.0,65.7847,0.12526099999999998,11.3702,2.07022,0.0234486,0.585431,2.69046,98.8678,92.2924,0.0101402,0.53622,0.01,0.030074599999999996,53.0289,98.3261,2.33358,11.773,0.025716700000000002,1.50368,97.9046,84.1622,85.8472,0.452176,1.45357,0.0413485,55.2338,5.3636,37.2838,16.0269
57,0.849384,0.339165,0.569553,2.52526,47.6599,4.38814,100.0,2.41511,0.17632,0.013210900000000001,24.3839,71.5984,1.22286,5.89471,66.2248,91.2201,0.304767,0.588084,6.67592,0.010556900000000001,8.94919,12.1844,3.27714,3.71118,0.711601,9.170580000000001,32.2049,13.9326,0.316354,0.632803,0.058241699999999993,0.029423900000000003,100.0,0.0102457,2.6324799999999997,80.16
58,0.849384,0.309249,0.56913,0.0191582,0.350991,27.3419,81.2785,0.619805,0.36987800000000004,1.8650900000000001,15.2711,14.2626,2.7508,12.5874,99.1681,75.9598,0.409097,1.29397,0.7020529999999999,0.0170889,16.8716,8.21913,6.9146399999999995,0.569385,0.0639037,12.3887,73.7994,6.38992,10.7792,5.68238,1.85028,0.0183441,99.9707,1.82587,2.62452,90.3679
59,0.849384,0.252587,0.569693,0.010643999999999999,0.654528,96.5423,54.1495,73.7615,7.10717,0.481893,4.26326,93.8839,0.283342,1.7994400000000002,100.0,0.11572400000000001,0.01,0.379449,0.14518699999999998,0.0100817,3.7637400000000003,51.7468,2.16587,81.7723,17.0254,1.56274,3.2857,3.25066,22.4069,3.6574,0.0122979,0.0207007,99.5151,100.0,45.5129,1.7448299999999999
60,0.849384,0.212775,0.56957,0.01,3.18975,90.6927,50.333999999999996,58.5128,0.186432,31.2724,11.1846,5.94614,1.09553,6.17999,100.0,13.5334,0.0119198,0.5144770000000001,0.0100041,0.01,57.7986,16.3231,3.45424,2.69804,6.62218,4.33534,26.8093,1.3885,1.16304,11.2894,0.08921939999999999,0.01,100.0,97.1428,30.6659,13.2284
61,0.849384,0.414545,0.208704,0.01,4.02527,8.75569,100.0,0.0317114,0.21130700000000002,0.8348479999999999,3.11852,0.0755798,25.1788,4.14271,99.9996,50.3773,0.01,0.874361,40.5307,42.7982,7.99325,59.309,3.9528199999999996,1.49086,0.684743,3.9672400000000003,28.6613,7.36039,2.4546099999999997,0.0102652,26.2122,11.4989,3.92204,16.3759,11.3222,93.8855
62,0.849384,0.342229,0.130688,1.84417,24.2053,67.5785,36.2864,0.0235847,0.17987,0.0527312,26.8869,10.5303,23.5631,4.31316,51.8827,33.906,0.0100207,0.597956,5.15388,14.9514,50.4499,8.384,57.9291,7.57591,21.7154,3.6330699999999996,4.7817,20.0507,36.7437,2.32816,2.78633,31.2479,2.5007200000000003,77.1002,37.8284,64.4853
63,0.849384,0.410218,0.300075,3.75725,13.4926,14.2324,44.6989,16.955,0.0841916,0.222446,98.8315,100.0,0.0166223,0.015090000000000001,99.3928,100.0,0.0199157,0.33301,0.0103227,29.6447,3.8088800000000003,0.270818,97.0103,7.2198,5.07867,89.4919,8.90902,99.2069,3.65259,0.168971,20.3689,4.73729,27.6403,0.0107495,8.623,74.1187
64,0.849384,0.40615100000000004,0.319307,0.0240977,39.9061,96.681,56.0989,56.5265,0.0919783,0.082854,1.77745,2.61835,1.35093,1.27849,99.7399,99.9933,0.0356482,0.39453,0.07829900000000001,42.2845,32.3828,9.57519,1.7295900000000002,13.227,5.86161,60.8656,9.36929,64.4876,0.012635700000000001,0.014987899999999998,54.6515,99.9991,23.669,0.026858,13.0039,77.0151
65,0.849384,0.266085,0.33413699999999996,0.015510399999999999,1.7013900000000002,53.1061,79.6138,2.26803,0.346398,0.022206599999999996,15.5874,15.6851,20.2074,12.0122,57.6313,44.9392,3.5388,0.889784,14.4644,9.21563,90.6607,46.9648,5.99784,4.29847,0.161821,99.7172,30.8819,6.7014,8.9791,8.9253,9.645560000000001,5.34455,10.2125,47.7746,57.5239,40.5184
66,0.849384,0.35922600000000005,0.568361,0.8882059999999999,0.48761099999999996,87.7871,100.0,0.107446,0.111574,0.0190831,17.8724,57.1772,0.495162,2.7438700000000003,98.6059,99.17399999999999,8.37917,0.453687,0.5273680000000001,0.011122799999999999,2.3572599999999997,2.53695,2.08474,0.010123899999999998,0.754128,1.1713,40.5746,2.45771,52.7983,5.32413,59.1556,0.624684,0.0339361,23.4658,79.9685,30.5617
67,0.849384,0.368264,0.570278,0.01,0.6985819999999999,20.8563,55.0486,11.7187,0.0692535,0.012441500000000001,0.9223899999999999,0.0100141,0.197077,1.23767,99.9522,20.1193,0.220322,0.271233,0.0260185,0.0100001,1.0232700000000001,25.7415,1.28093,32.6199,0.670457,15.7035,21.7294,40.6178,22.570999999999998,0.20839000000000002,100.0,0.0638448,0.185008,18.9657,0.513466,5.17822
68,0.849384,0.17606,0.556778,0.01,14.7976,96.8948,100.0,38.3219,0.044312,5.1496900000000005,1.4591100000000001,12.9559,0.158842,0.710386,81.2212,98.9751,0.376241,0.193443,0.0123946,0.025649900000000003,28.1276,22.903000000000002,0.911718,1.37653,11.9813,32.9111,9.33836,5.58265,76.2131,100.0,95.8617,72.9302,4.3215900000000005,83.6884,4.61031,11.9184
69,0.849384,0.212608,0.568691,0.010400399999999999,14.2572,13.5767,54.0683,8.72607,0.479863,0.39893,11.5314,84.5094,2.74654,15.0092,99.8341,6.05486,0.0423711,0.9067360000000001,9.70664,0.013138999999999998,16.307000000000002,84.7355,8.40312,93.492,0.0213998,18.9112,71.2261,2.95708,2.3934599999999997,6.27048,47.97,0.0491513,46.9075,79.6144,40.6252,37.0249
70,0.849384,0.267054,0.569661,0.01,0.012020999999999999,100.0,38.3241,0.0925571,0.705886,3.79506,7.57936,45.2197,0.409779,2.57461,100.0,0.346117,0.0100004,0.724317,0.0103568,0.01,23.7279,86.6555,4.24383,8.15333,69.3797,62.4866,44.3609,4.36685,8.04947,5.57914,85.0052,0.01,99.9968,87.9003,33.7898,17.0438
71,0.849384,0.299487,0.23906999999999998,0.0639515,7.95185,37.1354,23.7892,7.2825,0.07017739999999999,0.020807,2.10385,20.1415,7.95034,2.2518,23.8993,83.0389,1.7388099999999997,0.132481,0.0331056,35.9231,4.817740000000001,14.07,2.27428,4.35806,3.51873,91.0683,98.0941,62.7452,22.333000000000002,21.179000000000002,25.2089,8.14799,9.5158,37.1163,32.7798,0.586769
72,0.849384,0.18404700000000002,0.560137,0.042707499999999995,2.1219,44.5319,49.6906,40.4817,0.311823,4.13204,72.5248,44.3416,2.23563,10.8648,95.1665,95.2617,0.0185905,0.431225,0.057457299999999996,0.0987587,38.7375,14.4013,5.75751,8.456660000000001,0.332352,76.0769,67.9352,28.7251,12.9891,36.8963,27.0416,1.19497,15.5649,23.9481,58.306999999999995,12.1434
73,0.849384,0.113488,0.275529,0.013156600000000001,0.124661,1.19675,13.4653,9.693389999999999,0.0789118,0.010347799999999999,7.46333,22.365,3.8529699999999996,2.34002,37.9624,99.2391,11.9246,0.124174,0.0100728,6.566910000000001,6.4611,7.368239999999999,65.16199999999999,84.766,7.44032,58.8273,7.2405800000000005,13.1941,14.4441,43.5013,3.39186,4.94742,5.57437,3.1192599999999997,40.5869,7.093030000000001
74,0.849384,0.21404,0.315192,4.1174800000000005,0.09322180000000001,0.6697810000000001,38.8275,7.68657,0.11009300000000001,0.786004,3.6624800000000004,13.3517,4.84365,3.6350599999999997,100.0,100.0,0.01,0.249755,0.0238194,1.25679,10.2719,9.077630000000001,37.2792,3.58077,80.6786,17.4376,20.0379,96.0804,2.84943,4.83845,1.2321600000000001,51.9375,5.33438,4.12106,0.0144893,74.6397
75,0.849384,0.421022,0.157426,8.90765,0.010047799999999999,3.44925,11.8502,26.5535,0.0983613,0.010000299999999998,2.6038099999999997,10.2613,17.7791,2.0236400000000003,4.32707,65.9404,0.0163711,0.16253800000000002,0.0101,22.09,13.788,86.7451,66.4552,0.041090499999999995,13.5294,52.4383,0.0455471,0.0104142,18.6756,0.192004,9.73793,15.2739,0.252347,8.70475,9.83722,83.5721
76,0.849384,0.266514,0.5696720000000001,0.058331100000000004,0.345065,96.2282,63.0655,0.996634,0.786914,2.7838700000000003,33.5613,66.7911,0.469934,2.9514400000000003,99.9818,0.344175,0.010004299999999999,0.615974,0.0792101,0.010016299999999999,9.44487,12.335999999999999,4.22788,0.027006099999999998,0.0121088,54.878,94.929,65.9352,21.7636,2.90066,99.9944,0.01,100.0,0.016390900000000003,99.1053,19.7804
77,0.849384,0.378473,0.0100766,0.0511041,17.9576,19.5016,4.85173,73.3209,0.045605599999999996,3.4124800000000004,99.9664,99.6145,96.7919,0.803261,22.5528,26.0749,0.0104536,0.16200799999999999,0.030528700000000002,12.6459,97.9382,17.1341,38.8704,10.6626,1.20499,37.2876,91.1203,75.4194,12.3714,3.1987400000000004,28.7499,63.4702,16.5846,46.598,4.19665,19.1391
78,0.849384,0.373192,0.569155,1.2682200000000001,0.314335,99.9427,7.56427,56.5216,0.177153,0.0110493,5.76002,20.4408,0.8608610000000001,4.04551,80.124,11.652000000000001,0.0120897,0.74035,0.0100989,0.010306999999999998,8.972710000000001,10.0954,3.32042,100.0,9.11181,59.7372,69.2434,2.5582599999999998,1.13166,2.37338,0.68419,0.0128827,97.4186,6.8433600000000006,6.94464,50.2911
79,0.849384,0.332397,0.539391,0.0120234,0.0344179,10.0752,12.825,32.705999999999996,85.0427,18.9845,1.18382,99.9923,0.01,0.0394121,58.9377,0.0962947,0.0152768,0.39631,4.11996,1.12671,1.75741,24.1171,99.9864,3.16162,99.9864,0.621907,0.362282,77.8366,23.8152,4.3604,66.2574,38.8772,2.6268,28.6696,0.020150799999999996,2.09626
80,0.849384,0.251126,0.569235,4.15244,0.0137179,99.9426,58.9697,0.01,0.355185,0.0186595,11.5403,16.3908,2.15561,11.8261,99.8351,99.5742,0.06839450000000001,0.695499,0.175352,0.012006200000000002,23.4108,21.8276,6.584289999999999,3.40309,3.52596,2.7206099999999998,41.7458,95.2227,38.9674,4.52353,79.2586,0.0103767,73.3854,99.9977,99.9999,8.402389999999999
81,0.849384,0.243993,0.565268,28.4366,3.35302,23.541,9.028369999999999,7.0158,92.1356,0.0141976,10.1019,77.5755,0.31157199999999996,1.9102,97.9223,0.119153,0.01,0.378567,14.6287,0.126606,8.9243,44.4852,99.3725,0.501375,40.7069,26.5044,4.60666,5.87828,22.9512,3.5060000000000002,36.856,0.01,13.1067,5.82236,4.81911,11.1859
82,0.849384,0.115752,0.569248,1.1589,0.307438,10.3831,39.6256,0.202683,0.347527,0.014044200000000001,59.3649,68.8838,1.3582299999999998,7.85418,100.0,6.20983,0.530487,0.7940659999999999,0.0115891,0.0120006,56.7551,41.9059,6.344130000000001,1.44794,49.1721,83.9155,60.2427,11.404000000000002,5.211180000000001,80.3649,99.9964,0.0100001,99.9957,1.9098,39.9576,94.2623
83,0.849384,0.196607,0.270309,0.01,0.100485,72.4483,49.5594,3.8849400000000003,0.520162,21.8534,37.0261,31.5541,0.012776299999999999,0.010003299999999998,20.1128,6.74034,0.0991637,0.9195610000000001,7.2307,46.3801,40.1491,23.3123,8.85111,49.2831,13.8337,34.5102,27.803,8.79628,7.9020600000000005,8.423119999999999,49.4779,5.25585,5.89447,51.133,100.0,28.9845
84,0.849384,0.370134,0.30659699999999995,0.016697,0.34679699999999997,100.0,73.4212,13.1414,0.853031,8.70224,20.3955,81.9429,0.0100126,0.0100098,99.8814,66.0295,1.0019200000000001,2.9723900000000003,57.7004,73.3935,41.5023,65.0085,16.2188,25.8083,9.3266,1.1929299999999998,45.4549,5.39222,16.8574,0.66582,95.8606,80.8181,29.5358,54.0524,81.5213,21.578000000000003
85,0.849384,0.329264,0.51878,0.0100006,20.0732,32.4215,0.242125,0.01,0.0143157,22.5637,0.308623,68.8612,8.30673,1.2829899999999999,23.4928,99.3865,0.0215706,0.058228800000000004,0.010000700000000001,0.01,0.311602,8.74819,34.5976,89.9904,99.01700000000001,0.294184,62.8365,0.0121537,51.3535,22.4043,3.7840300000000004,6.897060000000001,0.706501,2.04028,52.5847,37.9157
86,0.849384,0.345451,0.306691,2.06793,1.9649,20.5178,99.3881,0.08901339999999999,89.9594,0.0242238,6.791860000000001,9.89909,0.0100223,0.01,99.9169,0.345939,0.196276,1.37163,52.6465,46.7969,15.9823,8.33513,6.47595,6.73845,4.24569,92.3704,27.8311,20.3059,52.3341,6.41903,10.4826,60.5032,69.5439,63.1696,8.29262,85.8869
87,0.849384,0.297122,0.330588,0.0408943,0.543187,10.8267,8.42487,1.1619700000000002,0.232067,57.9252,11.1312,6.37437,0.0100006,0.0115623,20.4107,12.6293,0.42516000000000004,0.557539,0.12166500000000001,47.0072,6.69159,2.00162,30.6592,0.541664,7.21356,45.3189,36.3085,66.5701,0.06672689999999999,1.9058599999999999,32.2505,0.119335,60.7075,43.3786,3.5669199999999996,53.661
88,0.849384,0.35444699999999996,0.188849,0.124569,0.011484399999999999,11.2418,15.8033,0.42297799999999997,0.0643059,3.95243,1.57223,1.05346,6.96323,1.49321,24.5611,49.6389,0.01,0.21198499999999998,0.187197,0.762467,40.8436,6.48884,1.19279,1.33702,7.9015,2.7185799999999998,37.1665,16.095,39.1974,6.748819999999999,0.48797399999999996,99.9975,1.8864299999999998,36.36,81.6812,69.63
89,0.849384,0.26432100000000003,0.307312,0.054817099999999994,5.14957,3.69962,99.5019,0.365475,43.3997,0.393867,72.8366,68.1858,0.0100266,0.0100665,45.7597,0.33045,0.11924000000000001,0.100829,1.16343,12.1597,93.5515,49.6061,20.4491,4.31948,20.0005,2.34819,8.56703,70.0734,10.0895,2.1015599999999997,15.0444,5.69591,5.81761,4.40449,17.1748,78.1657
90,0.849384,0.298506,0.0607313,0.01,2.8641099999999997,35.6795,2.83117,17.9869,0.0410385,0.0149349,22.5175,94.3822,75.3165,2.36695,18.9004,4.24274,0.0128144,0.05987130000000001,4.51412,16.0444,35.2989,47.3384,26.3121,0.025638400000000002,31.5537,89.5307,4.80002,24.7947,35.0288,9.32986,0.012948699999999999,33.8034,1.486,0.0100004,28.2309,1.98475
91,0.849384,0.359675,0.307489,1.49201,0.60968,58.8314,22.5161,0.0466004,1.98721,0.055400599999999994,3.5583400000000003,0.0103052,0.0100221,0.01,98.8828,0.628853,0.0178827,1.65388,4.8499300000000005,10.6962,42.0709,12.9292,8.20532,43.2204,0.013447999999999998,23.653000000000002,1.94091,12.715,36.6212,3.7156,2.54229,50.4908,17.2412,0.010316500000000001,9.47943,9.04303
92,0.8493850000000001,0.298824,0.5688840000000001,0.0246276,2.22487,19.8408,36.0316,11.3435,0.391667,0.0120002,10.8039,23.5902,2.59888,12.9043,99.9986,91.1511,6.95792,1.31245,1.37396,0.0321603,14.9064,18.9935,7.308389999999999,32.3386,6.75058,39.3831,51.6861,16.2498,13.1196,2.7138400000000003,100.0,0.01,28.2075,1.15755,32.5927,100.0
93,0.8493850000000001,0.275006,0.568391,0.165723,10.945,12.8609,38.5517,39.2033,4.1645,2.2652900000000002,7.37357,5.8417,0.25901399999999997,1.62119,99.7096,0.085577,0.01,0.107716,1.9877900000000002,0.010892299999999999,5.772390000000001,2.74243,1.59741,0.0101397,0.044091000000000005,27.4388,17.5969,70.8351,14.5303,2.20344,16.1459,0.05655419999999999,36.2155,2.46077,19.759,18.7517
94,0.8493850000000001,0.279805,0.5675939999999999,1.61689,35.3911,2.32079,19.6526,1.2001,0.5321239999999999,0.0291926,4.96703,0.014378100000000001,5.1323,19.736,99.3694,4.98693,0.0122089,1.5203799999999998,0.0373203,0.010011,13.812000000000001,99.9689,99.9456,100.0,98.6075,0.061396000000000006,99.9778,12.1749,85.1323,23.4105,0.0100333,0.0100236,17.8714,49.7386,47.6884,93.5498
95,0.8493850000000001,0.26115,0.569033,2.62899,6.72428,16.6115,14.198,0.88169,0.273932,0.01,8.28638,5.4966099999999996,1.4033200000000001,7.31009,99.8423,93.1298,0.157228,0.880642,13.0696,0.010174700000000002,37.3698,12.0072,5.1069,0.426907,11.0504,25.9553,11.1439,8.26281,16.7541,7.38592,0.0162364,0.0162223,62.9787,2.41404,37.0075,35.4183
96,0.8493850000000001,0.14661300000000002,0.44600200000000007,0.20879499999999998,0.20903000000000002,62.0789,26.5245,98.6389,0.319923,0.014056,25.7351,28.4858,3.95211,8.801160000000001,89.2436,13.6565,0.01,0.413271,0.01,5.42389,23.7634,18.755,84.0931,3.12485,4.269080000000001,10.6114,0.5264800000000001,6.94238,43.5062,22.8595,77.2597,12.5234,0.9927799999999999,6.25021,11.2462,28.0573
97,0.8493850000000001,0.256504,0.568954,0.0107141,5.22717,39.7644,99.9751,2.32213,0.676439,3.17696,79.8774,27.4874,3.0390599999999997,14.8896,99.7745,4.21974,0.0100855,1.2914700000000001,10.9417,0.0301407,77.0062,16.0844,11.0335,6.49507,100.0,98.4439,98.9582,62.4525,32.3212,15.8616,0.327016,0.015233400000000001,97.3106,14.2521,11.450999999999999,94.9791
98,0.8493850000000001,0.35580900000000004,0.569154,0.203001,73.1475,92.3042,35.696999999999996,0.605704,0.333903,0.0225445,7.84543,94.3354,1.8799299999999999,9.0168,98.1455,41.6455,1.8632099999999998,1.2966600000000001,0.10973599999999999,0.0156328,17.0368,96.4394,6.2289900000000005,14.8368,67.5719,65.6489,20.2446,38.2357,10.5841,0.12328299999999999,3.26321,0.022565599999999998,70.0338,5.32027,42.3316,16.6244
99,0.8493850000000001,0.270971,0.568137,0.0140874,5.63397,98.0256,99.4623,0.201472,0.239468,58.8471,24.1115,30.980999999999998,1.62284,8.97039,93.833,99.9859,0.090145,0.657276,1.9069,0.0117972,16.4392,13.3967,4.43766,0.444053,4.89545,12.9671,2.4334599999999997,19.2324,7.189260000000001,0.5336529999999999,96.191,0.820249,99.7239,58.5979,64.295,16.4174
100,0.8493850000000001,0.281756,0.29404,46.353,97.9411,22.4,58.3674,0.0101461,7.86077,0.011348200000000001,11.4627,99.8402,0.010893,0.0100002,86.7145,0.73401,0.153954,2.34307,0.0676637,1.26854,12.2446,38.3671,11.8918,2.1724799999999997,3.9211,16.0195,20.552,31.3985,20.9636,9.14984,3.56428,17.2405,0.23856100000000002,19.0214,53.3142,29.899
101,0.8493850000000001,0.306406,0.0100404,37.2174,0.010000499999999999,9.19415,25.4364,5.54442,71.1306,0.010400299999999998,2.89094,47.0564,0.729463,0.0103404,4.42103,0.0454836,0.01,0.153496,23.9406,46.2706,11.6371,99.3226,76.0467,35.2641,99.9757,3.75524,29.1995,42.6716,91.0285,10.1362,0.0103426,10.2007,0.0377393,34.0574,37.5302,1.14995
102,0.8493850000000001,0.387081,0.5693189999999999,0.0415877,3.5280099999999996,1.58335,57.126999999999995,0.153342,0.234771,0.10318499999999999,2.20037,0.172426,0.8460219999999999,3.92821,100.0,1.18571,0.010017299999999998,0.827368,4.38363,0.016992700000000003,16.0137,91.426,3.9445699999999997,0.804984,100.0,34.1162,17.043,12.8931,6.25441,0.485393,98.454,0.14899500000000002,41.3913,6.47577,86.1801,88.5821
103,0.8493850000000001,0.030910900000000005,0.569311,0.0352314,0.22259400000000001,99.9134,97.9408,15.4311,99.4363,0.17990599999999998,74.3871,38.2054,0.499061,3.16135,99.94,0.12321099999999999,0.0100883,0.0294528,1.54331,0.0100663,33.8231,12.9794,2.25359,0.176124,0.35889899999999997,74.6496,10.5031,45.1587,10.5794,92.3735,99.4934,0.010482799999999999,0.16475399999999998,0.747572,0.0231937,69.108
104,0.8493850000000001,0.33405999999999997,0.166758,2.15046,0.5821890000000001,5.80094,2.65469,2.26801,0.0209634,0.016068,99.1807,78.4587,0.5654359999999999,0.201693,82.6054,30.415,0.0100001,0.035613,10.297,1.5821,0.474317,0.15736,1.6526599999999998,3.10738,1.94964,3.92317,15.6694,26.9107,0.9542149999999999,0.287717,0.523455,2.88606,0.607359,2.59195,90.6775,6.84437
105,0.8493850000000001,0.326754,0.516858,0.0304214,32.6754,20.8876,36.1823,3.18925,0.0627645,2.18045,3.66785,2.99503,0.335895,1.23265,27.4612,81.0159,0.0119738,0.18811,0.048651599999999996,2.59462,25.7538,10.6669,17.9332,5.0874,11.7213,6.50775,84.2109,6.33552,0.056364,2.12332,16.4192,0.271202,32.571,0.636205,5.74282,28.3165
106,0.8493850000000001,0.288037,0.5694819999999999,2.21306,0.418242,11.7052,68.1968,0.973828,1.18195,0.033113199999999995,11.949000000000002,51.8088,0.339468,2.14412,99.9989,0.198171,0.010009299999999999,0.546351,0.0128106,0.011318700000000001,11.6743,31.7516,3.2927800000000005,2.22076,0.01,26.1057,11.030999999999999,37.891,7.298019999999999,0.279388,22.8487,0.0147468,99.9105,0.0294166,100.0,83.8606
107,0.8493850000000001,0.145231,0.569403,0.245046,2.3595099999999998,98.0236,79.3972,0.010804600000000001,0.6537229999999999,0.011912200000000001,9.64223,10.77,0.49595100000000003,3.09977,99.8956,0.39770900000000003,0.01,0.493275,1.3220299999999998,0.010092100000000001,50.3184,36.3613,4.13011,100.0,0.012098399999999999,66.7142,46.1283,14.929,20.4658,50.7184,61.6068,0.015268,87.5545,60.713,3.69906,11.9112
108,0.8493850000000001,0.116875,0.5689,0.01,0.0610409,58.1686,37.4587,13.9766,0.11845499999999999,10.3648,4.45012,5.58962,0.48007700000000003,3.02388,99.7348,100.0,0.226847,0.0419983,6.54022,0.0192925,37.4175,34.69,2.17696,2.84575,3.39974,6.10275,8.10101,2.3134799999999998,7.009289999999999,9.57656,95.1214,0.013154599999999999,37.4837,0.118753,14.3983,18.8691
109,0.8493850000000001,0.421422,0.367123,0.01,18.2914,1.95858,57.4357,2.6412,0.07319919999999999,0.0104196,1.55375,100.0,8.03182,1.61586,93.9457,0.7527520000000001,8.83018,0.0982545,0.0377539,13.9247,11.2945,35.8494,18.957,5.6623,26.3123,0.01,0.6034430000000001,24.1559,36.923,0.126125,27.261,0.487598,8.09914,0.0111137,7.358210000000001,21.7631
110,0.8493850000000001,0.144189,0.519323,2.8422,0.0327897,84.3655,52.3087,8.46082,0.16848,0.010051899999999999,5.90672,2.90848,8.69255,11.5731,51.5093,4.527,0.0105869,0.060710900000000005,0.28677800000000003,4.0237,70.9271,15.982000000000001,3.02468,7.7576600000000004,0.6434989999999999,52.4807,8.524189999999999,17.8887,59.3996,88.0682,93.8105,13.2965,0.161551,28.7868,7.05267,11.431
111,0.8493850000000001,0.24866,0.5693739999999999,0.01,0.922624,60.5769,81.5765,1.8127,0.611881,2.82442,12.1088,3.57965,0.570036,3.5496,99.8323,0.487835,0.01,0.46767700000000006,3.0809,0.01,83.0261,16.1504,4.404319999999999,0.08067289999999999,0.421206,24.8686,84.7946,38.3643,20.0431,6.2504599999999995,99.6581,0.01,100.0,68.0259,100.0,99.0124
112,0.8493850000000001,0.262504,0.5692729999999999,3.5800099999999997,0.0288267,94.5414,40.524,2.99056,0.541737,0.0101654,16.2645,5.52856,0.776421,4.7291,100.0,0.835358,0.0100011,0.7277359999999999,4.74388,0.01,49.6874,10.8929,5.56159,2.52298,88.7274,16.8072,12.2481,43.5738,64.1591,5.07886,100.0,0.010160500000000001,5.1522,5.32071,98.3794,84.2466
113,0.8493850000000001,0.149391,0.568812,0.0133951,0.513915,23.9224,66.808,7.113910000000001,0.273338,7.148439999999999,10.3613,8.92783,2.58016,14.321,97.2429,38.2193,0.15515,0.132124,2.42191,0.01,10.3151,6.4116599999999995,4.9688,8.468960000000001,0.44641499999999995,84.9906,8.67398,25.9222,22.8479,13.3321,11.4323,0.10281300000000002,98.6498,0.119046,77.8849,72.3693
114,0.8493850000000001,0.190119,0.5686359999999999,0.01,50.4545,49.4458,96.1947,19.7671,0.47043100000000004,0.12687400000000001,35.0273,49.6932,5.03758,23.2793,100.0,6.00879,0.0112901,0.199595,0.047455800000000006,0.0245218,66.7632,63.8529,13.7394,77.2665,99.9589,4.08073,32.0587,53.9199,16.4131,8.54486,97.8568,0.010032,16.8167,90.5602,19.1286,14.9688
115,0.8493850000000001,0.307996,0.20562800000000003,0.0246386,3.6346,12.6236,93.1608,24.0795,0.131188,20.2893,4.80923,8.55967,13.945,4.31734,57.0306,100.0,0.0160029,0.14888099999999999,0.0100021,4.63256,17.0766,10.3849,91.7097,11.4227,4.50356,25.1551,53.3441,25.2448,3.5524400000000003,6.54103,2.76071,38.6914,2.5799,86.2909,94.5383,2.57876
116,0.8493850000000001,0.259332,0.569174,0.012886400000000001,0.01,55.7896,36.1151,59.9963,0.634529,1.1857,32.482,22.05,4.55434,20.916,99.8593,4.50776,0.01,1.27252,0.039425699999999994,0.013999999999999999,16.406,7.17732,10.337,0.043693800000000005,0.0566722,30.6581,76.4767,31.8537,22.5665,5.93507,99.9057,0.0102544,36.9323,99.9934,1.52247,55.398
117,0.8493850000000001,0.229729,0.569275,0.010000700000000001,0.017989599999999998,100.0,99.9829,100.0,0.685369,73.8524,23.5611,22.7258,0.795855,4.918069999999999,100.0,0.71527,0.0100029,0.649682,0.055351,0.010012700000000001,22.4017,15.2019,5.7018,0.010000799999999999,0.0106929,3.70315,65.5004,7.13203,15.2856,2.86979,99.1003,0.01,99.87100000000001,3.1417,97.7529,79.8152
118,0.8493850000000001,0.25601599999999997,0.5693630000000001,0.0121524,0.0100061,23.7354,38.5658,1.9938200000000001,0.605232,0.018014099999999998,19.2827,61.008,0.850218,5.16624,100.0,0.968026,0.0100029,0.98324,15.5913,0.01,14.8176,30.6059,6.50157,0.466466,0.16783299999999998,65.7542,48.9663,11.0031,5.82996,3.77775,11.7153,0.01,100.0,0.0599817,100.0,100.0
119,0.8493850000000001,0.277335,0.569322,0.10737200000000001,0.023282900000000002,52.9908,100.0,18.4076,0.613025,0.0191998,12.027000000000001,13.5665,0.646641,3.9818599999999997,99.9981,0.664108,0.01,0.839606,0.374087,0.0100023,66.2913,48.1429,5.52455,0.06628289999999999,0.010751,6.902769999999999,1.4244299999999999,23.6051,27.2946,0.727107,99.5956,0.0110936,99.3204,98.5034,94.6615,99.9947
120,0.8493850000000001,0.286011,0.5693239999999999,0.040786300000000004,0.0483328,23.7046,24.4728,0.101701,0.552696,0.0160292,21.8342,65.8635,0.5788479999999999,3.5531300000000003,99.9517,0.64013,0.01,0.8949370000000001,1.50435,0.012946299999999999,14.3031,26.0458,5.28976,6.58171,0.38654099999999997,22.8141,15.208,13.6669,71.0893,5.23612,99.9537,0.018609900000000002,55.1745,40.1558,38.878,90.7098
121,0.8493850000000001,0.168552,0.5692699999999999,0.01,0.040080000000000005,11.3712,100.0,0.01,0.677597,0.0141988,30.9975,77.4309,0.669437,4.1553,100.0,0.586372,0.01,0.625321,0.0390941,0.0101584,31.6001,53.9454,5.186719999999999,3.06466,4.72997,20.783,21.1171,3.34343,7.3952,12.1946,1.30064,0.01,98.1873,2.40746,4.0793,91.87299999999999
122,0.8493850000000001,0.291879,0.569055,0.347138,18.5463,2.29373,21.8373,0.011720900000000001,0.149342,0.015498900000000001,16.4866,36.3895,0.8606370000000001,4.82567,77.4459,22.3448,0.01,0.146975,53.1186,0.016367,13.8154,16.335,2.74709,49.937,0.502551,15.1034,27.0364,75.2236,10.2567,2.11478,87.6025,0.0576086,8.346219999999999,0.122475,31.5095,37.3242
123,0.8493850000000001,0.290925,0.197252,0.655472,11.8405,2.84192,41.5108,0.328814,0.10645999999999999,1.6928400000000001,75.4629,73.9871,11.3153,3.91265,69.008,100.0,0.0188405,0.026081200000000002,0.0100107,46.8053,70.0013,24.8418,58.5076,21.0997,4.55807,8.05064,31.1672,60.4106,52.8302,16.7606,24.9935,0.675509,7.4813,7.24465,24.6725,80.3852
124,0.8493850000000001,0.1201,0.569167,2.69007,2.77262,54.7561,93.8851,22.0428,40.5014,0.46537799999999996,3.2901199999999995,2.6891,0.01,0.06395319999999999,81.5809,0.0868313,0.015178899999999999,0.0350676,0.989942,0.013569999999999999,54.5866,32.3087,1.45569,0.0818677,9.45218,88.7904,79.1246,44.0834,28.8156,67.293,89.9537,0.011543799999999998,0.18598299999999998,9.922419999999999,1.52142,21.9543
125,0.8493850000000001,0.28834299999999996,0.569364,0.021243099999999997,8.251560000000001,92.2487,37.5335,100.0,0.496237,13.7908,62.6649,33.8209,0.311519,1.9507599999999998,100.0,0.234025,0.01,0.265324,0.23115300000000003,0.01,79.1917,23.811999999999998,2.63108,1.29875,0.20043,2.40918,0.0633961,53.9448,9.81371,1.08752,100.0,0.010902,100.0,0.14754,28.8975,9.78448
126,0.8493850000000001,0.23099499999999998,0.5694560000000001,0.030069799999999997,24.3041,38.2341,88.5347,0.05999730000000001,0.419741,0.564988,14.0635,7.41253,2.77854,14.3943,99.9393,8.796289999999999,0.0188697,0.0932375,0.8432729999999999,0.0100054,54.0864,18.2102,7.4055800000000005,1.53551,16.7094,5.94755,61.8801,58.0395,77.7081,23.6274,78.5439,0.019262,43.4195,6.04779,36.9167,23.4174
127,0.8493850000000001,0.338941,0.569249,0.199224,0.321022,82.9382,13.0903,6.45096,0.22255100000000003,0.0197298,4.98011,7.374910000000001,0.980457,5.17513,90.59899999999999,81.5603,4.99241,0.8570129999999999,4.09347,0.0179386,10.1617,6.52926,4.15881,15.6142,1.6094600000000001,73.697,76.9184,27.3946,10.6178,4.44212,96.0574,0.021521400000000003,81.1196,2.85176,98.5241,14.3701
128,0.8493850000000001,0.22709400000000002,0.568975,0.702797,4.0776,58.1093,40.5954,41.5351,0.43388999999999994,0.040396,49.1725,12.0192,2.06038,10.5263,95.7163,4.3137099999999995,0.013790700000000001,0.795719,0.0189077,0.01,32.4503,4.50303,7.45361,0.0734507,0.763566,32.5609,97.0744,43.7284,86.8014,55.6819,6.47031,0.01,94.868,7.3430100000000005,9.28888,39.7102
129,0.8493850000000001,0.3664,0.11368900000000001,0.024887700000000002,5.33525,8.56077,13.1344,1.36948,0.0816273,3.14614,27.8419,12.3968,8.474,1.54105,87.9303,99.3352,0.012037799999999998,0.210238,0.22372199999999998,28.5671,31.4515,3.2440599999999997,8.37425,0.229108,1.59181,7.1337600000000005,45.4984,64.5232,3.7252,0.809185,0.020344799999999996,0.010987799999999999,12.2314,68.1854,2.2327,20.7087
130,0.8493850000000001,0.281114,0.488896,0.028734,0.101638,3.5081,28.0656,47.6118,0.06557930000000001,12.5204,21.1415,98.8729,3.5045,2.59105,8.90488,89.9443,0.01,0.0838119,0.154363,1.10165,10.241,23.474,43.5879,18.7051,19.7067,83.9107,26.061,15.1941,6.42315,5.79838,18.6968,6.7673,3.43349,5.04017,52.4835,19.4106
131,0.8493850000000001,0.26168,0.569294,1.91271,1.0476299999999998,98.3357,96.3576,5.53693,0.5599029999999999,0.012826400000000002,17.409000000000002,15.1538,6.6079300000000005,26.6382,99.9934,32.2059,0.186668,1.2408,0.011952899999999999,0.0125148,45.7163,25.4971,10.3118,17.4856,100.0,17.1362,99.9023,33.446999999999996,40.0113,8.43573,95.1605,0.01,99.6439,0.226358,50.6276,26.0734
132,0.8493850000000001,0.388799,0.569451,0.0150344,3.43784,26.2674,100.0,20.0773,0.12073199999999999,56.8379,2.9245099999999997,4.68999,0.331362,1.9102,99.8954,97.8213,0.0116804,0.506077,0.106189,0.0100107,16.3656,7.72427,2.2774799999999997,13.9378,15.5798,26.3181,20.605,40.2816,0.41085600000000005,0.10493800000000002,1.19999,0.0112598,99.916,1.16497,0.0754638,36.4504
133,0.8493850000000001,0.273271,0.569174,0.023746299999999998,0.47743,10.6349,86.1285,100.0,0.355168,0.042575800000000004,29.4109,77.5024,2.66875,12.2836,65.1551,70.1833,1.5258,1.00957,0.0210312,0.010477600000000002,52.835,86.5615,6.60533,0.30767,1.62414,19.5076,3.99416,49.4624,37.903,3.0131200000000002,83.9828,0.01,52.0325,4.79986,1.78823,41.733999999999995
134,0.8493850000000001,0.36475599999999997,0.011747200000000001,0.0945831,0.390675,5.26475,29.7687,0.280013,0.0778597,0.0100029,2.1985,9.49479,91.5112,1.1936799999999999,26.5372,38.8554,0.0450726,0.303325,10.1882,16.602999999999998,24.3368,34.3504,1.4445,74.646,0.303215,18.2726,6.14709,17.9683,39.8844,2.20024,0.313725,0.46803199999999995,0.0243915,15.0905,45.8098,13.7125
135,0.8493850000000001,0.379044,0.5357970000000001,0.541345,33.9526,18.9335,42.8241,33.5154,0.19289,0.0118207,4.99514,89.8028,3.2603400000000002,6.73475,82.4972,66.922,0.015756100000000002,0.78675,0.32827,4.30943,6.0746,29.2474,99.835,12.1636,87.64399999999999,38.356,18.3382,8.24253,99.5591,4.4267900000000004,76.9001,0.408951,33.5399,0.0101189,8.10334,10.5379
136,0.8493850000000001,0.289617,0.5692510000000001,0.012045700000000001,27.8486,98.0836,10.2002,56.9006,0.611402,0.105064,19.2628,54.8985,0.48016899999999996,2.97792,99.9863,0.446608,0.0100036,0.779613,0.0195215,0.0100012,55.7024,97.6141,4.61247,99.9684,44.4315,2.69156,4.58622,0.636794,8.0862,0.453172,96.0,0.01,64.4136,0.010020999999999999,99.8643,99.9906
137,0.8493850000000001,0.341702,0.569317,0.41051499999999996,1.03131,27.7083,92.7675,7.52912,0.30250900000000003,0.372621,6.43754,12.1607,1.06851,5.91777,99.0111,5.79162,0.01,1.09969,3.3440199999999995,0.012463799999999999,21.8526,20.7591,5.63318,14.6186,67.9016,0.01,8.56375,37.3437,18.0829,0.298363,96.8481,0.015794799999999998,99.7906,2.73837,29.4457,20.1426
138,0.8493850000000001,0.409016,0.504145,0.01,23.471999999999998,26.8107,20.6609,2.39506,0.19675399999999998,2.3487400000000003,66.233,99.9629,10.4852,5.153980000000001,99.2811,42.8895,0.010082899999999999,0.699917,2.0630900000000003,9.36155,23.5736,4.72927,3.6712,41.285,0.0149602,7.160769999999999,31.5142,10.6555,0.424262,0.159111,11.7384,3.4201,98.2366,0.27942100000000003,32.446999999999996,16.9142
139,0.8493850000000001,0.148133,0.569177,0.0108325,1.65385,67.6677,41.1038,8.52368,0.285958,0.521576,10.3551,3.21916,1.42593,8.21381,96.9839,99.5145,1.1297,0.636951,0.75163,0.010715,96.3832,19.5362,5.267469999999999,1.7998900000000002,6.81124,74.5415,19.2829,7.745489999999999,2.61618,15.9553,4.4069,0.010667600000000001,57.0561,99.9595,6.3769,85.4293
140,0.8493850000000001,0.334063,0.559826,0.0100001,2.86273,46.4467,17.1873,43.3491,0.0496903,0.01,5.33168,11.9127,0.21337199999999998,0.978038,12.3969,67.1075,2.91128,0.187704,29.6836,0.809904,28.9303,30.4309,83.8763,0.592832,20.8918,24.2259,75.9664,35.5165,99.34200000000001,8.306939999999999,91.727,0.0134563,99.8442,36.0784,51.02,14.337
141,0.8493850000000001,0.272555,0.569407,2.31455,0.0780965,97.5821,99.945,35.4174,0.540354,0.01,12.181,5.593369999999999,0.5758409999999999,3.5352,100.0,0.634089,0.0100095,0.8232079999999999,0.0169846,0.0101229,25.375999999999998,7.034439999999999,5.13304,1.43505,54.1331,0.33613899999999997,19.5014,11.1519,71.1061,9.17522,98.54299999999999,0.0166239,100.0,0.170702,50.5192,99.8898
142,0.8493850000000001,0.200686,0.5695439999999999,0.34094,65.3064,51.8698,100.0,0.01,0.227494,0.019734,5.31537,81.3423,0.900334,4.86814,99.6505,92.2418,0.405725,0.896639,0.0128011,0.01,15.5848,99.6533,4.2559,100.0,0.01,78.1523,27.5381,7.48154,17.2852,30.4642,100.0,0.01,7.16107,9.07333,9.89436,2.92725
143,0.8493850000000001,0.23654,0.5697939999999999,0.01,0.01,16.0311,91.95700000000001,0.912335,99.3174,16.7771,57.0862,100.0,0.38250700000000004,2.44917,99.9993,0.127698,0.01,0.298371,98.7238,0.01,20.9269,25.4112,2.3830299999999998,0.23651599999999998,55.7703,20.413,99.9485,31.5806,3.2869800000000002,2.75524,48.8965,0.01,60.428999999999995,92.3682,59.0364,91.8924
144,0.8493850000000001,0.385142,0.569025,0.7629600000000001,10.2986,25.8903,87.2529,0.0761559,0.136219,0.0658685,2.8479400000000004,2.74591,0.49159200000000003,2.57964,98.5843,42.2986,0.0242623,0.567569,0.106901,0.0139757,16.5661,4.14334,2.5561700000000003,0.6905789999999999,25.622,82.7516,62.3363,40.4838,9.72485,1.53331,70.6219,0.0125185,0.0140359,17.3805,43.8414,71.0836
145,0.8493850000000001,0.0191013,0.25359499999999996,0.0145589,0.311786,21.8705,93.9755,23.7727,0.100471,0.271505,2.15876,1.9049099999999999,2.48165,1.47015,95.8314,11.0243,0.19234300000000001,0.415892,1.78398,4.33523,67.1479,11.9503,6.97363,6.8609,7.5972,84.3354,0.994959,1.26184,0.678323,33.1653,3.62497,83.9028,4.20594,86.439,11.4939,43.4851
146,0.8493850000000001,0.34380700000000003,0.109826,0.249525,0.0273153,35.4157,1.8154,0.6273270000000001,0.125619,0.10990499999999999,34.6643,42.3755,24.2623,2.8746099999999997,21.9675,95.4036,0.012580299999999999,0.407005,0.052514,25.9749,68.0879,36.9775,2.53953,4.43158,2.90485,92.3744,1.5223,34.1191,68.8051,3.26641,0.7052109999999999,0.01,6.246090000000001,100.0,66.2694,42.9514
147,0.8493850000000001,0.386925,0.48293800000000003,0.265836,1.2822799999999999,1.31041,30.7696,40.1984,0.223769,0.37811500000000003,3.58174,0.022672499999999998,9.29571,5.48618,99.4442,46.5147,0.0106601,0.922384,3.3665199999999995,1.6844400000000002,19.5961,96.0562,8.033389999999999,0.166055,2.274,97.3941,99.9944,88.7011,93.8272,8.15927,45.9173,37.1758,0.709288,52.1534,0.333538,100.0
148,0.8493850000000001,0.33192,0.158172,0.23650300000000002,0.616073,54.0645,26.5786,1.4655799999999999,0.350172,0.010001399999999999,12.0929,17.8131,97.5241,9.898819999999999,98.6295,88.5124,0.0105749,0.788273,0.0378638,73.167,50.4237,20.0854,11.9389,24.7758,22.3372,35.3854,86.501,27.8379,62.4278,19.6387,20.5339,10.6157,12.3832,25.3763,62.357,5.29821
149,0.8493850000000001,0.201802,0.564008,0.0947738,15.5301,50.8005,7.547680000000001,3.74073,18.0045,34.1769,66.5191,18.1224,0.213811,1.28944,100.0,0.0634806,0.0100001,0.0338254,0.0107075,0.0966758,12.2681,1.8946599999999998,75.1214,0.029497199999999998,30.8384,7.4112,37.5358,21.1629,24.6008,24.2542,0.6545989999999999,0.0100916,45.6138,6.5819,3.50685,20.3487
150,0.8493850000000001,0.320222,0.568749,12.5295,0.109901,22.0401,27.57,15.4179,0.37706100000000004,0.014143600000000001,7.01594,47.9426,2.33212,10.6236,98.1018,5.81133,0.010187100000000001,1.3784399999999999,1.3788200000000002,0.038313599999999996,11.4808,37.8319,6.9939100000000005,2.4527200000000002,100.0,17.2085,41.965,12.6446,87.3561,10.283,81.3694,0.514806,99.9805,21.1019,9.65386,9.31989
151,0.8493850000000001,0.3951,0.336367,0.013068799999999998,0.013775,3.6048699999999996,21.1523,66.0317,0.0350431,2.66566,21.3761,86.2749,0.010779899999999999,0.0116674,10.7401,47.2612,0.0602005,0.136099,21.471,2.35436,17.9174,15.044,3.3260099999999997,0.371105,11.0089,2.37036,0.34184499999999995,78.4784,48.7822,1.09972,2.6693599999999997,0.302177,2.0988700000000002,3.2372,20.2067,24.3842
152,0.8493850000000001,0.26953299999999997,0.5692229999999999,0.039354400000000005,0.104163,98.7199,100.0,28.127,0.795453,2.6730099999999997,19.8889,30.3829,5.7049199999999995,24.9515,99.8707,8.028939999999999,0.010416799999999999,1.9132900000000002,1.8059,0.0100713,77.2912,77.9489,13.880999999999998,1.4115799999999998,79.7755,35.4944,87.5124,17.2364,10.8028,1.41497,99.8123,0.010261200000000002,97.9968,0.0403473,37.7296,98.8666
153,0.8493850000000001,0.301417,0.56917,7.02575,16.9673,52.8815,56.9662,3.76874,0.5658340000000001,0.0188435,11.5929,12.853,2.4352,12.3836,99.15700000000001,5.61367,0.020965099999999997,1.70986,3.18142,0.0103777,33.555,22.0731,10.1397,1.1550200000000002,6.09656,33.6428,79.227,17.9132,10.1105,2.1086400000000003,98.6423,0.010770299999999998,4.83646,22.6096,90.7543,79.9756
154,0.8493850000000001,0.187947,0.56925,0.0236998,0.12775,98.4,70.1904,8.74698,0.6193069999999999,0.341599,21.8994,37.1432,0.733503,4.51385,100.0,0.714774,0.01,0.69634,0.142165,0.0100168,14.6438,16.7192,5.515630000000001,8.17072,0.0227953,19.6695,24.9887,5.31569,21.3841,15.4621,100.0,0.01,100.0,0.0338676,82.0934,16.4212
155,0.8493850000000001,0.252295,0.222931,0.057442999999999994,1.9994599999999998,5.1561,24.4755,4.91641,0.092287,0.12833699999999998,1.95609,98.7445,6.04403,1.79282,72.8637,84.8384,0.750592,0.387549,0.0168871,19.187,11.0631,65.8027,7.03855,0.659708,3.5848199999999997,27.4501,26.4149,4.30819,33.888000000000005,30.5236,14.4749,54.8013,3.13758,76.9585,70.5741,0.761997
156,0.8493850000000001,0.108051,0.569443,0.012381999999999999,0.0247393,2.07795,43.381,0.383285,0.604957,6.3806400000000005,4.36766,12.3128,0.291425,1.82925,98.8182,0.197588,0.010021299999999999,0.3236,0.09030239999999999,0.0100001,5.7424599999999995,9.15024,2.61362,0.030284,55.0992,24.1829,13.8282,5.38693,5.00275,30.6733,98.3635,0.0100006,94.9185,99.8413,4.83036,79.4307
157,0.8493850000000001,0.378945,0.10593699999999999,0.7479399999999999,61.585,27.8196,24.9774,0.0187843,0.0348718,0.356572,0.809207,10.4845,1.1839600000000001,0.227517,91.2428,5.50833,0.010009100000000002,0.149457,0.106679,68.4531,6.01013,23.9297,0.6039180000000001,0.0156797,0.33668899999999996,11.0577,36.2206,35.0692,52.1765,2.09553,10.0169,17.5866,7.82083,23.9839,2.8844,51.001999999999995
158,0.8493850000000001,0.331798,0.408057,0.479547,7.1946699999999995,13.3181,2.06323,0.010026799999999999,0.132778,0.0108193,2.3541,0.0311834,53.042,2.54789,100.0,100.0,0.010095999999999999,0.553191,67.124,19.0409,15.2483,22.0592,100.0,63.5792,55.2225,10.2556,62.3627,2.89589,96.9144,32.2996,11.8237,0.0102989,57.5473,16.6938,6.06215,6.320869999999999
159,0.8493850000000001,0.285055,0.146021,0.490336,3.51411,13.205,77.051,1.95155,0.328314,0.212694,12.4621,7.34445,40.335,9.32213,83.2917,6.361000000000001,0.01,0.404646,0.0142138,49.6855,29.4013,9.6874,32.6473,33.3259,4.0601199999999995,0.5298109999999999,0.13560899999999998,40.5963,36.2945,4.32504,1.7831099999999998,13.5962,19.8386,4.25523,72.6451,78.7455
160,0.8493850000000001,0.277406,0.458139,0.013302600000000001,0.0260262,1.5494299999999999,0.5519569999999999,6.52517,22.980999999999998,0.054413699999999995,14.6353,38.1255,0.188883,0.49949899999999997,71.4017,0.0293349,0.011101,0.042569199999999995,35.5585,0.42729700000000004,22.4429,32.9597,0.538453,91.6607,0.9695520000000001,3.5249699999999997,3.6550800000000003,39.3484,0.43579300000000004,0.11174300000000001,10.6885,3.85888,0.23461700000000002,3.2274700000000003,6.76455,40.7507
161,0.8493850000000001,0.348695,0.5688880000000001,0.011301700000000001,0.0193905,83.9969,43.6346,60.8732,0.363077,0.0625231,9.333160000000001,43.0196,1.9133099999999998,9.248660000000001,99.9319,100.0,0.591895,1.4131,3.60196,0.010298,41.2267,91.0492,6.80598,0.292721,34.0059,89.0615,61.7539,43.4815,51.3996,1.45138,0.814876,0.013502799999999999,26.9334,46.7981,74.9075,21.5232
162,0.8493850000000001,0.18504500000000002,0.48198100000000005,0.0232608,0.226149,4.94612,19.8554,0.06766010000000001,0.21881599999999998,0.5772510000000001,6.00898,38.8409,12.1639,19.5266,81.0744,98.7453,0.025347900000000003,0.6229680000000001,0.01,1.49386,9.376,33.6725,4.0564,100.0,0.271096,0.14585399999999998,15.6638,1.4895399999999999,36.9668,34.5527,8.093869999999999,28.2781,55.7873,100.0,94.8129,17.441
163,0.8493850000000001,0.278334,0.56925,0.0168577,0.0272198,95.74799999999999,99.9987,11.5814,0.519766,0.011764,12.225,95.1556,2.6329700000000003,13.8072,99.0015,3.4518400000000002,0.0114691,1.2703200000000001,1.88855,0.010701,10.9899,55.2222,8.54599,99.6183,95.7357,0.8157260000000001,0.0107241,99.8523,50.2744,1.00868,99.066,0.01,99.9984,2.16099,98.8846,6.01041
164,0.8493850000000001,0.27023400000000003,0.5691890000000001,0.03439280000000001,0.318222,43.3823,99.98100000000001,59.3765,0.40768000000000004,2.60901,12.0035,82.7921,1.84326,9.54296,100.0,6.96772,0.0164723,1.45234,6.52074,0.010063200000000001,14.100999999999999,52.7585,7.5510600000000005,33.0564,28.9826,99.9113,81.8919,7.9122699999999995,98.3331,33.4262,99.0678,0.01,7.914219999999999,1.0467600000000001,56.6647,11.1578
165,0.8493850000000001,0.24480700000000002,0.326785,13.6237,7.2963,5.55106,3.9681300000000004,20.0526,0.027830700000000003,0.0121262,0.374366,8.90565,0.01,0.01,19.8284,100.0,0.0288903,0.113649,19.6464,1.91125,8.35435,19.6588,13.5412,0.251248,1.47843,7.52807,7.01222,12.4173,11.8665,9.28817,11.1026,30.8405,90.338,27.1024,0.0101391,16.8057
166,0.8493850000000001,0.186809,0.569525,62.0566,52.2307,95.7888,45.5242,0.507877,10.9102,0.012192,41.2014,24.9217,0.331897,2.1109299999999998,100.0,0.11623,0.01,0.262408,0.010338,0.0114878,57.5149,22.8983,0.159197,24.1536,23.4562,53.6388,0.43897700000000006,55.0127,83.6089,34.4614,95.8516,0.010821899999999999,99.3801,42.9713,10.9026,36.315
167,0.8493850000000001,0.365602,0.307043,1.32399,0.749021,1.32854,55.9572,0.752076,0.42821000000000004,0.10762100000000001,7.89715,27.4257,0.010022399999999999,0.01,82.7428,13.6163,1.43615,1.3616,0.08696160000000001,10.4778,65.749,62.9417,72.7062,48.0817,58.0623,3.4147199999999995,95.5864,49.4735,16.5377,2.91278,21.2067,67.2217,1.29035,4.56835,52.8932,75.7707
168,0.8493850000000001,0.303135,0.568334,0.148767,42.9804,31.0798,7.191839999999999,3.89402,0.0605047,9.17497,4.27325,3.3936300000000004,0.29322600000000004,1.61703,27.8671,23.078000000000003,0.0105352,0.08415260000000001,0.163579,0.172979,38.7117,15.6659,0.9666389999999999,2.10453,4.17036,0.0101288,0.0131422,12.9097,16.4036,1.78403,98.2104,0.0401029,86.1665,0.496229,31.2361,10.9214
169,0.8493850000000001,0.259339,0.569227,0.138822,0.0341217,24.3698,52.6224,10.9862,0.6896479999999999,0.225634,15.9566,24.2093,4.408530000000001,20.5537,99.9229,6.11244,0.0102451,1.59158,14.45,0.0100074,77.1849,75.9736,11.7892,83.6307,92.3028,0.391714,94.9784,8.78422,25.9773,7.18168,99.0276,0.013586099999999999,99.9994,97.2587,83.6198,94.1493
170,0.8493850000000001,0.380004,0.5672159999999999,0.01,4.42048,37.1961,18.2139,28.9705,76.1478,2.7179599999999997,2.5647,96.5143,0.0643976,0.399088,99.3224,0.049278800000000005,0.012006999999999999,0.20811100000000002,37.9714,0.0601831,3.44029,46.9466,100.0,7.85389,91.2923,29.5518,6.29509,4.44349,0.7250909999999999,0.029364599999999994,30.3944,0.0137006,23.954,19.1683,1.16069,12.7268
171,0.8493850000000001,0.351123,0.56853,1.12695,19.6424,6.4404,76.2972,0.699721,0.24469699999999997,0.01,3.58745,0.049793300000000006,1.1312,5.63103,96.09200000000001,55.5369,0.19178599999999998,0.9935370000000001,1.18825,0.017489400000000002,18.5459,75.9506,4.5782300000000005,11.7028,6.67972,0.8770479999999999,43.8177,4.03691,45.8332,4.68992,13.107000000000001,0.460178,78.0198,15.4361,8.20393,96.4575
172,0.8494120000000001,0.0243858,0.3092,16.0829,0.021305,6.8787899999999995,91.5298,0.114363,20.0415,0.010320399999999999,0.0847503,0.33729000000000003,0.01,0.010179700000000002,99.9906,0.0100039,0.036390399999999996,0.035541699999999996,20.7484,26.2591,0.07337919999999999,4.1756,0.179882,10.9854,0.0609753,0.10328499999999999,0.0101005,0.0101186,2.0994599999999997,28.4451,0.01,71.7357,50.3939,0.01,0.0100208,14.5497
173,0.8494450000000001,0.19545099999999999,0.57812,0.0120607,0.010044200000000001,98.8674,41.2095,76.8827,1.13,1.88179,2.9315700000000002,67.2707,0.04164419999999999,0.289312,99.5635,0.111899,0.0204896,0.21476199999999998,0.129172,0.0100469,5.95073,97.0334,1.92812,0.0134209,1.44569,56.8286,13.5906,19.9662,13.5901,1.3872200000000001,0.010203100000000001,0.010067200000000002,99.8592,0.144268,90.6336,4.82616
174,0.849453,0.020409599999999996,0.125872,0.0109991,2.24817,0.6069140000000001,20.6484,10.649000000000001,0.0318971,0.010012299999999998,0.5280729999999999,3.47484,7.79325,0.64841,89.2665,68.2916,0.0131773,0.136628,0.101823,13.9956,17.3188,75.09899999999999,18.1496,11.600999999999999,1.47951,4.87165,0.0463907,0.011993799999999999,0.51904,11.2421,2.11904,0.0110861,6.902489999999999,0.632017,0.297809,79.9232
175,0.850392,1.02294,0.164364,0.0100054,6.6121,0.252064,12.5375,14.0361,0.027016000000000002,3.63495,75.9376,0.0100096,100.0,3.08968,100.0,92.6813,0.010071,0.01,0.010000299999999998,4.14818,42.6678,54.7691,0.13422699999999999,93.4212,38.0411,99.9831,69.8379,2.44495,0.18699200000000002,46.3,5.79785,0.0112171,10.4056,6.20098,0.445614,100.0
176,0.8507879999999999,0.058757000000000004,0.6253350000000001,0.46833100000000005,0.01,16.3219,32.4838,0.0117626,5.33237,0.583112,30.0926,43.5753,0.10376400000000001,7.846489999999999,100.0,0.416941,0.0480994,0.01,0.01,0.010076799999999999,17.4609,19.3358,6.52838,93.79299999999999,5.26045,42.0332,8.70983,7.4291100000000005,7.3020000000000005,28.2901,99.93700000000001,0.010035700000000002,99.4746,13.3078,18.0044,99.8344
177,0.850877,0.283659,0.631127,0.010391,0.0198745,99.3692,32.6289,0.0440163,2.6701599999999996,0.267652,9.35764,37.1195,0.07016,7.687639999999999,100.0,0.63678,0.04201919999999999,1.6231799999999998,6.11376,0.0298572,40.2983,100.0,9.17563,0.0579903,1.17769,88.7842,0.0711476,26.9097,66.619,2.4232,0.010015999999999999,0.010112000000000001,99.0407,0.0122501,100.0,28.8881
178,0.851044,0.13253199999999998,0.634207,0.18770499999999998,62.8814,86.1519,71.4258,46.8144,0.805283,0.0120414,80.9153,85.7405,0.0104835,37.424,100.0,13.8262,35.8914,0.01,66.2544,0.010112799999999998,65.4454,53.7691,13.0132,4.3954,0.31492600000000004,48.2634,0.0897903,27.14,89.2227,17.2908,99.2283,0.010132299999999999,98.9957,0.0136593,30.8747,83.1127
179,0.8582709999999999,0.536628,0.0428209,0.0407199,0.0536437,5.18511,35.3527,34.1435,0.01,0.0100039,84.4442,18.1673,3.69915,11.2806,60.945,79.5724,0.0100169,0.01,0.010017700000000001,32.8467,1.53745,0.011500299999999998,0.10951500000000002,0.21150500000000003,0.0125196,99.9126,3.7022800000000005,0.0104934,87.9105,0.01,2.10046,0.131064,0.689559,0.0120882,99.9737,4.9156
180,0.858358,0.536316,0.263044,0.470398,12.3213,12.7927,82.6694,34.1346,0.104878,0.0240229,35.6713,0.01,9.52355,39.6283,7.2271,72.8958,0.029093,0.0820023,5.95844,3.88675,15.4694,19.5425,32.1576,1.83634,1.48478,31.393,3.3320300000000005,0.01,100.0,0.01,3.3509300000000004,10.8096,13.5283,1.78985,47.5105,28.8526
181,0.875017,0.317393,0.01,0.01,0.0123489,0.0100051,0.0233781,3.21074,13.2662,0.21229800000000001,0.275924,97.2057,0.0172905,0.0100096,0.010726399999999999,58.9217,0.0442445,0.01,0.0100001,0.163525,0.486993,2.90685,70.3966,60.0065,0.01,8.91245,2.54431,4.66861,7.37229,2.41856,11.8406,0.471308,9.132530000000001,3.09173,80.0,37.943000000000005
182,0.875625,0.6940109999999999,0.01,0.010048,28.3546,1.08159,24.2317,0.717669,7.9093,24.6027,0.139427,0.27783800000000003,0.0100186,0.017795099999999998,0.01,0.0100026,0.0100026,2.74379,0.01,5.94388,5.296130000000001,0.640397,0.0100026,0.26506199999999996,2.9733400000000003,79.4139,0.919417,21.6907,0.0395039,0.08326339999999999,0.16120299999999999,8.85111,0.010912,0.217183,6.6159,62.6524
183,0.9196790000000001,2.06466,0.10404200000000001,1.5580399999999999,3.20453,11.287,2.96294,4.23376,3.37514,41.8007,99.9771,0.130175,6.6609,4.28102,58.5542,99.9735,0.0215304,0.173619,0.0100055,13.0355,6.20734,94.2695,2.43795,99.9768,100.0,12.975,42.1249,16.0547,0.0100004,0.0101569,17.1194,0.010331100000000001,0.10313299999999999,10.2466,8.44764,14.4578
184,0.9197139999999999,1.16375,0.280149,0.8343079999999999,78.6759,31.8488,3.47324,0.200628,2.60712,31.017,97.8954,0.0270842,0.0172514,83.9352,0.382862,65.0727,0.0100013,0.01,0.010000299999999998,13.3908,1.77672,25.2245,0.175753,37.7182,100.0,56.3358,0.0100065,0.9696870000000001,6.722689999999999,0.51463,31.4565,0.252731,2.69639,5.95571,11.9211,24.5652
185,0.9197139999999999,0.49379300000000004,0.301446,0.01,0.444924,12.4085,54.949,37.4103,100.0,100.0,57.7472,0.0780043,0.0100001,30.6223,12.0281,97.648,0.0215851,0.0100001,0.0164808,3.27674,3.9321,11.9311,99.994,0.0541692,17.6416,3.23088,99.8383,23.2199,0.018673500000000003,0.226496,4.7336599999999995,0.0100337,0.568749,0.13963299999999998,0.0100096,7.89946
186,0.919725,0.406043,0.30078,29.0885,0.0294552,11.0808,6.12876,0.22950399999999999,58.1089,20.7956,5.55816,0.214667,0.120576,100.0,96.8067,59.0032,0.13467300000000001,0.01,2.65421,2.67995,22.133000000000003,53.0162,0.025535299999999997,0.01,0.0100032,55.3352,1.6892599999999998,8.34609,21.4657,3.8537199999999996,4.26704,17.2959,3.8588699999999996,66.3959,73.1341,11.1346
187,0.919726,0.3862,0.301541,0.036767,72.1538,35.3879,1.6226,0.827882,10.2942,0.11083,62.9842,0.07967719999999999,0.0101473,10.9458,76.532,99.9615,0.0116586,0.100954,4.35098,0.8189350000000001,48.8628,25.9377,5.44663,23.1499,2.77105,13.5699,62.9772,12.9763,97.208,33.9096,20.3368,19.8574,13.4681,1.6556,36.5792,88.6218
188,0.919726,0.491014,0.301544,0.142402,24.4643,3.4981,0.6292399999999999,0.013068000000000001,98.0656,17.7173,98.1708,0.653501,0.0100852,71.2293,10.3429,79.0378,0.0100161,0.06261080000000001,0.026413599999999995,2.6116099999999998,2.17065,35.774,11.8331,4.04659,17.3678,31.5796,22.711,11.7517,0.810082,0.341179,3.19697,18.5525,6.48601,0.61479,6.6858,25.1815
189,0.919726,0.43262399999999995,0.301035,0.012978299999999998,10.3302,1.29015,0.49217299999999997,0.0489326,25.0372,33.6524,8.09216,9.89437,0.012061399999999998,19.2413,6.31842,67.9536,0.0104501,0.0429805,3.50984,5.56613,1.03417,11.8368,18.3813,68.1552,10.0884,3.2009,54.9343,30.3919,4.64774,1.3064200000000001,8.29534,14.1874,6.49178,4.070530000000001,4.24601,4.15073
190,0.919726,0.318338,0.2992,0.0704069,9.03471,69.6239,3.15714,20.3505,17.9146,12.2564,100.0,2.9523099999999998,0.0613193,13.1917,27.8821,75.5239,0.0124165,0.029912599999999998,0.21434099999999998,3.16017,21.2198,6.09103,9.8235,34.4535,10.4224,7.29893,11.2825,12.8535,0.07615330000000001,1.7747,5.86439,4.75755,1.10025,12.9253,26.314,7.49308
191,0.9197280000000001,0.37461300000000003,0.192688,0.027598599999999997,6.49924,92.323,11.0443,16.5334,80.8,0.254827,83.0672,0.6731090000000001,9.8081,41.5755,59.2054,99.9872,0.0100006,0.479588,0.87589,68.5435,36.7944,20.3992,35.3526,0.01,40.4139,77.5444,9.373,18.2524,2.4392,2.53324,16.3678,97.0433,29.2624,18.748,96.5435,16.4338
192,0.919732,0.284688,0.296568,4.6396,0.671663,23.0928,18.7233,48.4457,7.98273,4.14962,100.0,2.21125,0.0417651,3.32665,29.4351,32.7856,0.177312,0.0132911,0.12406600000000001,5.67169,94.9665,52.0061,0.0907079,99.7693,51.8928,29.4137,1.06134,1.55721,16.8072,26.6227,0.034962900000000005,0.06038480000000001,21.7068,36.9205,18.6216,73.0286
193,0.919737,1.83274,0.301748,0.44078,11.6602,12.6336,16.7344,2.25658,5.74233,50.8679,61.5106,0.039642199999999995,0.010391899999999999,29.6931,38.5265,27.0664,0.600288,0.0258241,0.0610571,26.8191,1.16254,32.6919,0.175951,100.0,90.0206,92.3298,10.5842,15.7325,0.0263939,0.0102443,48.8249,1.7068299999999998,45.7684,13.6691,9.08159,48.795
194,0.919745,0.465371,0.0926332,2.55375,49.4684,1.82085,80.3256,4.377730000000001,4.94995,5.643009999999999,15.6823,0.0752898,18.3767,42.9792,16.5003,94.9894,0.0100157,0.05973150000000001,0.0543519,11.8715,30.3483,96.3718,1.0228700000000002,99.9534,99.9991,7.48337,0.363736,50.13,37.1878,3.6225,7.1528,6.338830000000001,1.59555,91.9234,15.1538,99.7167
195,0.919748,1.27007,0.143137,45.044,1.56334,10.2271,3.43545,12.4209,5.54785,2.89062,27.1019,0.0285126,5.458069999999999,7.09886,39.6024,99.9431,0.014450999999999999,0.21667600000000004,0.0499988,6.6947,9.897780000000001,62.7712,2.7968,100.0,100.0,99.8574,34.0177,38.5966,8.28824,0.800059,5.5728800000000005,0.01,4.33449,88.96600000000001,45.8201,3.04708
196,0.919781,1.1836799999999998,0.25104899999999997,13.4604,43.402,13.1503,9.89485,36.7512,8.93671,9.91206,85.6427,0.010384000000000001,0.051213,0.319718,31.9669,100.0,1.37419,0.01,0.294389,4.92476,11.478,60.3697,0.6103689999999999,20.0249,80.3935,95.2666,9.3541,1.0668600000000001,2.1078099999999997,2.71555,1.6632,1.60039,49.7443,8.90738,11.0466,11.4385
197,0.9198059999999999,0.7324579999999999,0.06990489999999999,58.9542,62.4383,20.8386,68.4352,6.48726,99.9962,33.1181,77.4149,8.00169,40.1934,16.2201,94.8545,99.9955,0.0227726,0.329925,0.0100019,40.1101,2.99237,94.8643,6.18741,99.9997,99.9992,26.4118,17.8128,0.01,0.148769,18.3052,20.2268,18.9326,9.866660000000001,1.77345,80.4124,82.2842
198,0.9777540000000001,0.195545,0.101631,1.39605,0.15696300000000002,6.63015,46.1718,2.19532,86.9386,0.01,0.5587340000000001,0.389751,40.3524,99.4813,79.6086,100.0,0.01,39.2155,0.02,18.9748,11.5978,25.3845,60.2699,0.0114074,5.54685,97.3804,7.44945,43.1802,95.0097,92.4498,0.186967,32.7282,0.328408,49.0592,4.20423,31.0043
199,0.9777549999999999,0.38649,0.029962799999999998,18.7563,6.15894,58.0623,34.9965,74.2448,100.0,7.57815,47.7352,0.21274099999999999,41.731,8.416139999999999,70.6118,92.7059,0.01,80.4481,0.0758587,34.8174,99.4021,24.2242,0.0130197,20.6587,50.5677,15.9044,58.1916,11.8701,31.3034,38.0048,6.55112,40.8457,7.27107,12.3898,9.56193,21.5818
